,text,dic_rounded,lsvc,knn,mnb,lsvc_bin,knn_bin,mnb_bin
0,"RT @annanablogueuse: Les gens qui veulent s'abstenir ou qui veulent voter Le Pen regardez le d√©bat , ressaisissez vous et allez voter Macron‚Ä¶ ",Nan,2,2,2,1,1,1
1,"RT @annanablogueuse: Les gens qui veulent s'abstenir ou qui veulent voter Le Pen regardez le d√©bat , ressaisissez vous et allez voter Macron‚Ä¶ ",Nan,2,2,2,1,1,1
2,"RT @annanablogueuse: Les gens qui veulent s'abstenir ou qui veulent voter Le Pen regardez le d√©bat , ressaisissez vous et allez voter Macron‚Ä¶ ",Nan,2,2,2,1,1,1
3,"RT @annanablogueuse: Les gens qui veulent s'abstenir ou qui veulent voter Le Pen regardez le d√©bat , ressaisissez vous et allez voter Macron‚Ä¶ ",Nan,2,2,2,1,1,1
4,"RT @annanablogueuse: Les gens qui veulent s'abstenir ou qui veulent voter Le Pen regardez le d√©bat , ressaisissez vous et allez voter Macron‚Ä¶ ",Nan,2,2,2,1,1,1
5,"RT @annanablogueuse: Les gens qui veulent s'abstenir ou qui veulent voter Le Pen regardez le d√©bat , ressaisissez vous et allez voter Macron‚Ä¶ ",Nan,2,2,2,1,1,1
6,"RT @annanablogueuse: Les gens qui veulent s'abstenir ou qui veulent voter Le Pen regardez le d√©bat , ressaisissez vous et allez voter Macron‚Ä¶ ",Nan,2,2,2,1,1,1
7,"RT @annanablogueuse: Les gens qui veulent s'abstenir ou qui veulent voter Le Pen regardez le d√©bat , ressaisissez vous et allez voter Macron‚Ä¶ ",Nan,2,2,2,1,1,1
8,RT @Hugoprsgugo: #2017LeDebat elle voulait jeter les craies ,Nan,2,2,1,0,0,1
9,"RT @annanablogueuse: Les gens qui veulent s'abstenir ou qui veulent voter Le Pen regardez le d√©bat , ressaisissez vous et allez voter Macron‚Ä¶ ",Nan,2,2,2,1,1,1
10,"RT @annanablogueuse: Les gens qui veulent s'abstenir ou qui veulent voter Le Pen regardez le d√©bat , ressaisissez vous et allez voter Macron‚Ä¶ ",Nan,2,2,2,1,1,1
11,RT @Hugoprsgugo: #2017LeDebat elle voulait jeter les craies ,Nan,2,2,1,0,0,1
12,RT @Hugoprsgugo: #2017LeDebat elle voulait jeter les craies ,Nan,2,2,1,0,0,1
13,RT @Hugoprsgugo: #2017LeDebat elle voulait jeter les craies ,Nan,2,2,1,0,0,1
14,RT @Hugoprsgugo: #2017LeDebat elle voulait jeter les craies ,Nan,2,2,1,0,0,1
15,RT @Hugoprsgugo: #2017LeDebat elle voulait jeter les craies ,Nan,2,2,1,0,0,1
16,RT @Hugoprsgugo: #2017LeDebat elle voulait jeter les craies ,Nan,2,2,1,0,0,1
17,#JeVote #Avote #2017LeDebat #Presidentielle2017 #DevoirDeCitoyen ,Nan,2,2,2,0,0,1
18,RT @Hugoprsgugo: #2017LeDebat elle voulait jeter les craies ,Nan,2,2,1,0,0,1
19,RT @Hugoprsgugo: #2017LeDebat elle voulait jeter les craies ,Nan,2,2,1,0,0,1
20,RT @Hugoprsgugo: #2017LeDebat elle voulait jeter les craies ,Nan,2,2,1,0,0,1
21,RT @Hugoprsgugo: #2017LeDebat elle voulait jeter les craies ,Nan,2,2,1,0,0,1
22,RT @Hugoprsgugo: #2017LeDebat elle voulait jeter les craies ,Nan,2,2,1,0,0,1
23,RT @Hugoprsgugo: #2017LeDebat elle voulait jeter les craies ,Nan,2,2,1,0,0,1
24,RT @Hugoprsgugo: #2017LeDebat elle voulait jeter les craies ,Nan,2,2,1,0,0,1
25,RT @Hugoprsgugo: #2017LeDebat elle voulait jeter les craies ,Nan,2,2,1,0,0,1
26,RT @Hugoprsgugo: #2017LeDebat elle voulait jeter les craies ,Nan,2,2,1,0,0,1
27,RT @Hugoprsgugo: #2017LeDebat elle voulait jeter les craies ,Nan,2,2,1,0,0,1
28,RT @Hugoprsgugo: #2017LeDebat elle voulait jeter les craies ,Nan,2,2,1,0,0,1
29,RT @pab_lowww: Ta tete en regardant le d√©bat #2017LeDebat ,Nan,2,2,2,1,1,0
30,RT @Hugoprsgugo: #2017LeDebat elle voulait jeter les craies ,Nan,2,2,1,0,0,1
31,RT @Hugoprsgugo: #2017LeDebat elle voulait jeter les craies ,Nan,2,2,1,0,0,1
32,RT @Hugoprsgugo: #2017LeDebat elle voulait jeter les craies ,Nan,2,2,1,0,0,1
33,RT @ThoCo10: Marine le pen explose Macron  #2017LeDebat ,Nan,2,2,2,0,0,1
34,RT @Hugoprsgugo: #2017LeDebat elle voulait jeter les craies ,Nan,2,2,1,0,0,1
35,RT @Hugoprsgugo: #2017LeDebat elle voulait jeter les craies ,Nan,2,2,1,0,0,1
36,RT @Hugoprsgugo: #2017LeDebat elle voulait jeter les craies ,Nan,2,2,1,0,0,1
37,RT @Hugoprsgugo: #2017LeDebat elle voulait jeter les craies ,Nan,2,2,1,0,0,1
38,RT @Hugoprsgugo: #2017LeDebat elle voulait jeter les craies ,Nan,2,2,1,0,0,1
39,RT @Hugoprsgugo: #2017LeDebat elle voulait jeter les craies ,Nan,2,2,1,0,0,1
40,"RT @LivetSarah: Le Pen parle de ton programme , de ce que tu proposes non? Au lieu d'enfouir Macron sous tes attaques et de fuir les questio‚Ä¶ ",0,2,2,0,0,0,0
41,RT @FCousseau: Lepen parle de Macron. Macron parle de la France #2017LeDebat ,Nan,0,2,0,0,0,0
42,RT @Hugoprsgugo: #2017LeDebat elle voulait jeter les craies ,Nan,2,2,1,0,0,1
43,RT @FCousseau: Lepen parle de Macron. Macron parle de la France #2017LeDebat ,Nan,0,2,0,0,0,0
44,RT @Hugoprsgugo: #2017LeDebat elle voulait jeter les craies ,Nan,2,2,1,0,0,1
45,RT @Hugoprsgugo: #2017LeDebat elle voulait jeter les craies ,Nan,2,2,1,0,0,1
46,RT @Hugoprsgugo: #2017LeDebat elle voulait jeter les craies ,Nan,2,2,1,0,0,1
47,RT @Hugoprsgugo: #2017LeDebat elle voulait jeter les craies ,Nan,2,2,1,0,0,1
48,RT @Hugoprsgugo: #2017LeDebat elle voulait jeter les craies ,Nan,2,2,1,0,0,1
49,RT @Hugoprsgugo: #2017LeDebat elle voulait jeter les craies ,Nan,2,2,1,0,0,1
50,RT @Hugoprsgugo: #2017LeDebat elle voulait jeter les craies ,Nan,2,2,1,0,0,1
51,RT @Hugoprsgugo: #2017LeDebat elle voulait jeter les craies ,Nan,2,2,1,0,0,1
52,RT @Hugoprsgugo: #2017LeDebat elle voulait jeter les craies ,Nan,2,2,1,0,0,1
53,RT @Hugoprsgugo: #2017LeDebat elle voulait jeter les craies ,Nan,2,2,1,0,0,1
54,RT @Hugoprsgugo: #2017LeDebat elle voulait jeter les craies ,Nan,2,2,1,0,0,1
55,RT @Hugoprsgugo: #2017LeDebat elle voulait jeter les craies ,Nan,2,2,1,0,0,1
56,RT @Hugoprsgugo: #2017LeDebat elle voulait jeter les craies ,Nan,2,2,1,0,0,1
57,RT @Hugoprsgugo: #2017LeDebat elle voulait jeter les craies ,Nan,2,2,1,0,0,1
58,"RT @Baptiste_P0t: Quand t'as Tout mise sur le sujet "" le terrorisme et l'int√©grit√© du territoire "" et Qu'il  tombe √† l'examen #2017LeDebat‚Ä¶ ",0,2,2,0,0,0,0
59,RT @Hugoprsgugo: #2017LeDebat elle voulait jeter les craies ,Nan,2,2,1,0,0,1
60,RT @Hugoprsgugo: #2017LeDebat elle voulait jeter les craies ,Nan,2,2,1,0,0,1
61,RT @Hugoprsgugo: #2017LeDebat elle voulait jeter les craies ,Nan,2,2,1,0,0,1
62,RT @Hugoprsgugo: #2017LeDebat elle voulait jeter les craies ,Nan,2,2,1,0,0,1
63,RT @Hugoprsgugo: #2017LeDebat elle voulait jeter les craies ,Nan,2,2,1,0,0,1
64,RT @Hugoprsgugo: #2017LeDebat elle voulait jeter les craies ,Nan,2,2,1,0,0,1
65,RT @Hugoprsgugo: #2017LeDebat elle voulait jeter les craies ,Nan,2,2,1,0,0,1
66,RT @Hugoprsgugo: #2017LeDebat elle voulait jeter les craies ,Nan,2,2,1,0,0,1
67,RT @Hugoprsgugo: #2017LeDebat elle voulait jeter les craies ,Nan,2,2,1,0,0,1
68,RT @Hugoprsgugo: #2017LeDebat elle voulait jeter les craies ,Nan,2,2,1,0,0,1
69,RT @Hugoprsgugo: #2017LeDebat elle voulait jeter les craies ,Nan,2,2,1,0,0,1
70,RT @Hugoprsgugo: #2017LeDebat elle voulait jeter les craies ,Nan,2,2,1,0,0,1
71,RT @Hugoprsgugo: #2017LeDebat elle voulait jeter les craies ,Nan,2,2,1,0,0,1
72,RT @Hugoprsgugo: #2017LeDebat elle voulait jeter les craies ,Nan,2,2,1,0,0,1
73,RT @Hugoprsgugo: #2017LeDebat elle voulait jeter les craies ,Nan,2,2,1,0,0,1
74,RT @Hugoprsgugo: #2017LeDebat elle voulait jeter les craies ,Nan,2,2,1,0,0,1
75,RT @Hugoprsgugo: #2017LeDebat elle voulait jeter les craies ,Nan,2,2,1,0,0,1
76,RT @Hugoprsgugo: #2017LeDebat elle voulait jeter les craies ,Nan,2,2,1,0,0,1
77,RT @Hugoprsgugo: #2017LeDebat elle voulait jeter les craies ,Nan,2,2,1,0,0,1
78,"RT @Rom__1__: Quand tu veux pas le dire , mais que ton visage le dit si bien √† ta place #2017LeDebat #Presidentielle2017  ",Nan,1,2,1,1,0,0
79,RT @Hugoprsgugo: #2017LeDebat elle voulait jeter les craies ,Nan,2,2,1,0,0,1
80,"RT @Rom__1__: Quand tu veux pas le dire , mais que ton visage le dit si bien √† ta place #2017LeDebat #Presidentielle2017  ",Nan,1,2,1,1,0,0
81,RT @Rom__1__: #MLP n'avait qu'une seule et unique r√©ponse √† toutes les questions pos√©es! #2017LeDebat #Presidentielle2017 #FHaine @ONPCoffi‚Ä¶ ,0,2,2,2,1,1,1
82,RT @Rom__1__: Quand #Macron montre √† #MLP ce qu'est de la #poudredeperlimpinpin #2017LeDebat #Presidentielle2017 ,Nan,2,2,2,1,1,1
83,RT @Hugoprsgugo: #2017LeDebat elle voulait jeter les craies ,Nan,2,2,1,0,0,1
84,RT @Hugoprsgugo: #2017LeDebat elle voulait jeter les craies ,Nan,2,2,1,0,0,1
85,RT @Hugoprsgugo: #2017LeDebat elle voulait jeter les craies ,Nan,2,2,1,0,0,1
86,RT @Hugoprsgugo: #2017LeDebat elle voulait jeter les craies ,Nan,2,2,1,0,0,1
87,RT @Hugoprsgugo: #2017LeDebat elle voulait jeter les craies ,Nan,2,2,1,0,0,1
88,RT @Hugoprsgugo: #2017LeDebat elle voulait jeter les craies ,Nan,2,2,1,0,0,1
89,RT @Hugoprsgugo: #2017LeDebat elle voulait jeter les craies ,Nan,2,2,1,0,0,1
90,RT @Hugoprsgugo: #2017LeDebat elle voulait jeter les craies ,Nan,2,2,1,0,0,1
91,RT @Hugoprsgugo: #2017LeDebat elle voulait jeter les craies ,Nan,2,2,1,0,0,1
92,RT @Hugoprsgugo: #2017LeDebat elle voulait jeter les craies ,Nan,2,2,1,0,0,1
93,RT @Hugoprsgugo: #2017LeDebat elle voulait jeter les craies ,Nan,2,2,1,0,0,1
94,RT @Hugoprsgugo: #2017LeDebat elle voulait jeter les craies ,Nan,2,2,1,0,0,1
95,RT @Hugoprsgugo: #2017LeDebat elle voulait jeter les craies ,Nan,2,2,1,0,0,1
96,RT @Hugoprsgugo: #2017LeDebat elle voulait jeter les craies ,Nan,2,2,1,0,0,1
97,RT @Hugoprsgugo: #2017LeDebat elle voulait jeter les craies ,Nan,2,2,1,0,0,1
98,RT @Hugoprsgugo: #2017LeDebat elle voulait jeter les craies ,Nan,2,2,1,0,0,1
99,RT @Hugoprsgugo: #2017LeDebat elle voulait jeter les craies ,Nan,2,2,1,0,0,1
100,RT @Hugoprsgugo: #2017LeDebat elle voulait jeter les craies ,Nan,2,2,1,0,0,1
101,RT @Hugoprsgugo: #2017LeDebat elle voulait jeter les craies ,Nan,2,2,1,0,0,1
102,RT @Hugoprsgugo: #2017LeDebat elle voulait jeter les craies ,Nan,2,2,1,0,0,1
103,RT @Hugoprsgugo: #2017LeDebat elle voulait jeter les craies ,Nan,2,2,1,0,0,1
104,RT @Hugoprsgugo: #2017LeDebat elle voulait jeter les craies ,Nan,2,2,1,0,0,1
105,RT @Hugoprsgugo: #2017LeDebat elle voulait jeter les craies ,Nan,2,2,1,0,0,1
106,RT @Hugoprsgugo: #2017LeDebat elle voulait jeter les craies ,Nan,2,2,1,0,0,1
107,RT @Hugoprsgugo: #2017LeDebat elle voulait jeter les craies ,Nan,2,2,1,0,0,1
108,RT @Hugoprsgugo: #2017LeDebat elle voulait jeter les craies ,Nan,2,2,1,0,0,1
109,RT @Hugoprsgugo: #2017LeDebat elle voulait jeter les craies ,Nan,2,2,1,0,0,1
110,RT @Hugoprsgugo: #2017LeDebat elle voulait jeter les craies ,Nan,2,2,1,0,0,1
111,RT @Hugoprsgugo: #2017LeDebat elle voulait jeter les craies ,Nan,2,2,1,0,0,1
112,RT @Hugoprsgugo: #2017LeDebat elle voulait jeter les craies ,Nan,2,2,1,0,0,1
113,RT @Hugoprsgugo: #2017LeDebat elle voulait jeter les craies ,Nan,2,2,1,0,0,1
114,RT @Hugoprsgugo: #2017LeDebat elle voulait jeter les craies ,Nan,2,2,1,0,0,1
115,RT @Hugoprsgugo: #2017LeDebat elle voulait jeter les craies ,Nan,2,2,1,0,0,1
116,RT @Hugoprsgugo: #2017LeDebat elle voulait jeter les craies ,Nan,2,2,1,0,0,1
117,RT @Hugoprsgugo: #2017LeDebat elle voulait jeter les craies ,Nan,2,2,1,0,0,1
118,RT @Hugoprsgugo: #2017LeDebat elle voulait jeter les craies ,Nan,2,2,1,0,0,1
119,RT @Hugoprsgugo: #2017LeDebat elle voulait jeter les craies ,Nan,2,2,1,0,0,1
120,RT @Hugoprsgugo: #2017LeDebat elle voulait jeter les craies ,Nan,2,2,1,0,0,1
121,RT @Hugoprsgugo: #2017LeDebat elle voulait jeter les craies ,Nan,2,2,1,0,0,1
122,RT @Hugoprsgugo: #2017LeDebat elle voulait jeter les craies ,Nan,2,2,1,0,0,1
123,RT @Hugoprsgugo: #2017LeDebat elle voulait jeter les craies ,Nan,2,2,1,0,0,1
124,RT @Hugoprsgugo: #2017LeDebat elle voulait jeter les craies ,Nan,2,2,1,0,0,1
125,RT @Hugoprsgugo: #2017LeDebat elle voulait jeter les craies ,Nan,2,2,1,0,0,1
126,RT @Hugoprsgugo: #2017LeDebat elle voulait jeter les craies ,Nan,2,2,1,0,0,1
127,RT @Hugoprsgugo: #2017LeDebat elle voulait jeter les craies ,Nan,2,2,1,0,0,1
128,RT @Hugoprsgugo: #2017LeDebat elle voulait jeter les craies ,Nan,2,2,1,0,0,1
129,RT @Hugoprsgugo: #2017LeDebat elle voulait jeter les craies ,Nan,2,2,1,0,0,1
130,RT @Hugoprsgugo: #2017LeDebat elle voulait jeter les craies ,Nan,2,2,1,0,0,1
131,RT @Hugoprsgugo: #2017LeDebat elle voulait jeter les craies ,Nan,2,2,1,0,0,1
132,RT @Hugoprsgugo: #2017LeDebat elle voulait jeter les craies ,Nan,2,2,1,0,0,1
133,RT @Hugoprsgugo: #2017LeDebat elle voulait jeter les craies ,Nan,2,2,1,0,0,1
134,RT @Hugoprsgugo: #2017LeDebat elle voulait jeter les craies ,Nan,2,2,1,0,0,1
135,RT @Hugoprsgugo: #2017LeDebat elle voulait jeter les craies ,Nan,2,2,1,0,0,1
136,RT @Hugoprsgugo: #2017LeDebat elle voulait jeter les craies ,Nan,2,2,1,0,0,1
137,RT @Hugoprsgugo: #2017LeDebat elle voulait jeter les craies ,Nan,2,2,1,0,0,1
138,RT @Hugoprsgugo: #2017LeDebat elle voulait jeter les craies ,Nan,2,2,1,0,0,1
139,RT @Hugoprsgugo: #2017LeDebat elle voulait jeter les craies ,Nan,2,2,1,0,0,1
140,RT @Hugoprsgugo: #2017LeDebat elle voulait jeter les craies ,Nan,2,2,1,0,0,1
141,RT @Hugoprsgugo: #2017LeDebat elle voulait jeter les craies ,Nan,2,2,1,0,0,1
142,RT @Hugoprsgugo: #2017LeDebat elle voulait jeter les craies ,Nan,2,2,1,0,0,1
143,RT @Hugoprsgugo: #2017LeDebat elle voulait jeter les craies ,Nan,2,2,1,0,0,1
144,RT @Hugoprsgugo: #2017LeDebat elle voulait jeter les craies ,Nan,2,2,1,0,0,1
145,RT @Hugoprsgugo: #2017LeDebat elle voulait jeter les craies ,Nan,2,2,1,0,0,1
146,RT @Hugoprsgugo: #2017LeDebat elle voulait jeter les craies ,Nan,2,2,1,0,0,1
147,RT @Hugoprsgugo: #2017LeDebat elle voulait jeter les craies ,Nan,2,2,1,0,0,1
148,RT @Hugoprsgugo: #2017LeDebat elle voulait jeter les craies ,Nan,2,2,1,0,0,1
149,RT @Hugoprsgugo: #2017LeDebat elle voulait jeter les craies ,Nan,2,2,1,0,0,1
150,RT @Hugoprsgugo: #2017LeDebat elle voulait jeter les craies ,Nan,2,2,1,0,0,1
151,RT @Hugoprsgugo: #2017LeDebat elle voulait jeter les craies ,Nan,2,2,1,0,0,1
152,RT @Hugoprsgugo: #2017LeDebat elle voulait jeter les craies ,Nan,2,2,1,0,0,1
153,RT @Hugoprsgugo: #2017LeDebat elle voulait jeter les craies ,Nan,2,2,1,0,0,1
154,RT @Hugoprsgugo: #2017LeDebat elle voulait jeter les craies ,Nan,2,2,1,0,0,1
155,RT @Hugoprsgugo: #2017LeDebat elle voulait jeter les craies ,Nan,2,2,1,0,0,1
156,RT @Hugoprsgugo: #2017LeDebat elle voulait jeter les craies ,Nan,2,2,1,0,0,1
157,RT @Hugoprsgugo: #2017LeDebat elle voulait jeter les craies ,Nan,2,2,1,0,0,1
158,RT @Hugoprsgugo: #2017LeDebat elle voulait jeter les craies ,Nan,2,2,1,0,0,1
159,RT @Hugoprsgugo: #2017LeDebat elle voulait jeter les craies ,Nan,2,2,1,0,0,1
160,RT @Hugoprsgugo: #2017LeDebat elle voulait jeter les craies ,Nan,2,2,1,0,0,1
161,RT @Hugoprsgugo: #2017LeDebat elle voulait jeter les craies ,Nan,2,2,1,0,0,1
162,RT @Hugoprsgugo: #2017LeDebat elle voulait jeter les craies ,Nan,2,2,1,0,0,1
163,RT @Hugoprsgugo: #2017LeDebat elle voulait jeter les craies ,Nan,2,2,1,0,0,1
164,RT @Hugoprsgugo: #2017LeDebat elle voulait jeter les craies ,Nan,2,2,1,0,0,1
165,RT @Hugoprsgugo: #2017LeDebat elle voulait jeter les craies ,Nan,2,2,1,0,0,1
166,RT @Pti_Dgt: #Presidentielle2017 #2017LeDebat Maintenant que MLP a montr√©e son vrai visage chaque %qu'elle fera dimanche sera une honte pou‚Ä¶ ,0,0,2,0,0,0,0
167,RT @Phoenix_MK87: Moi quand je regarde quelqu'un a plat ventre #2017LeDebat ,0,2,2,2,1,0,0
168,#LePen #lepengate #2017LeDebat Maintenant que MLP a montr√©e son vrai visage chaque %qu'elle fera dimanche sera une‚Ä¶ ,Nan,2,2,0,0,0,0
169,RT @Hugoprsgugo: #2017LeDebat elle voulait jeter les craies ,Nan,2,2,1,0,0,1
170,RT @Hugoprsgugo: #2017LeDebat elle voulait jeter les craies ,Nan,2,2,1,0,0,1
171,RT @Hugoprsgugo: #2017LeDebat elle voulait jeter les craies ,Nan,2,2,1,0,0,1
172,RT @Hugoprsgugo: #2017LeDebat elle voulait jeter les craies ,Nan,2,2,1,0,0,1
173,#Presidentielle2017 #2017LeDebat Maintenant que MLP a montr√©e son vrai visage chaque %qu'elle fera dimanche sera un‚Ä¶ ,Nan,2,2,0,0,0,0
174,RT @Hugoprsgugo: #2017LeDebat elle voulait jeter les craies ,Nan,2,2,1,0,0,1
175,RT @Hugoprsgugo: #2017LeDebat elle voulait jeter les craies ,Nan,2,2,1,0,0,1
176,#2017LeDebat fin de campagne √† vous de juger dimanche ATTENTION oubli√© pas que les Tocard paye plus que les favoris #onrepartpour5ans ,1,2,2,2,0,1,1
177,RT @Hugoprsgugo: #2017LeDebat elle voulait jeter les craies ,Nan,2,2,1,0,0,1
178,RT @Hugoprsgugo: #2017LeDebat elle voulait jeter les craies ,Nan,2,2,1,0,0,1
179,RT @Hugoprsgugo: #2017LeDebat elle voulait jeter les craies ,Nan,2,2,1,0,0,1
180,"RT @AndreaNeves19: Macron il monte en pression , redescend bolide #2017LeDebat ",Nan,2,2,2,0,0,1
181,RT @Hugoprsgugo: #2017LeDebat elle voulait jeter les craies ,Nan,2,2,1,0,0,1
182,RT @Hugoprsgugo: #2017LeDebat elle voulait jeter les craies ,Nan,2,2,1,0,0,1
183,RT @Hugoprsgugo: #2017LeDebat elle voulait jeter les craies ,Nan,2,2,1,0,0,1
184,RT @Hugoprsgugo: #2017LeDebat elle voulait jeter les craies ,Nan,2,2,1,0,0,1
185,RT @Hugoprsgugo: #2017LeDebat elle voulait jeter les craies ,Nan,2,2,1,0,0,1
186,RT @Hugoprsgugo: #2017LeDebat elle voulait jeter les craies ,Nan,2,2,1,0,0,1
187,RT @Hugoprsgugo: #2017LeDebat elle voulait jeter les craies ,Nan,2,2,1,0,0,1
188,RT @Hugoprsgugo: #2017LeDebat elle voulait jeter les craies ,Nan,2,2,1,0,0,1
189,RT @Hugoprsgugo: #2017LeDebat elle voulait jeter les craies ,Nan,2,2,1,0,0,1
190,RT @Hugoprsgugo: #2017LeDebat elle voulait jeter les craies ,Nan,2,2,1,0,0,1
191,RT @Hugoprsgugo: #2017LeDebat elle voulait jeter les craies ,Nan,2,2,1,0,0,1
192,RT @Hugoprsgugo: #2017LeDebat elle voulait jeter les craies ,Nan,2,2,1,0,0,1
193,RT @Hugoprsgugo: #2017LeDebat elle voulait jeter les craies ,Nan,2,2,1,0,0,1
194,RT @Hugoprsgugo: #2017LeDebat elle voulait jeter les craies ,Nan,2,2,1,0,0,1
195,RT @Hugoprsgugo: #2017LeDebat elle voulait jeter les craies ,Nan,2,2,1,0,0,1
196,RT @Hugoprsgugo: #2017LeDebat elle voulait jeter les craies ,Nan,2,2,1,0,0,1
197,RT @Hugoprsgugo: #2017LeDebat elle voulait jeter les craies ,Nan,2,2,1,0,0,1
198,RT @Pti_Dgt: #Presidentielle2017 #2017LeDebat Maintenant que MLP a montr√©e son vrai visage chaque %qu'elle fera dimanche sera une honte pou‚Ä¶ ,0,0,2,0,0,0,0
199,RT @Hugoprsgugo: #2017LeDebat elle voulait jeter les craies ,Nan,2,2,1,0,0,1
200,RT @Hugoprsgugo: #2017LeDebat elle voulait jeter les craies ,Nan,2,2,1,0,0,1
201,RT @Hugoprsgugo: #2017LeDebat elle voulait jeter les craies ,Nan,2,2,1,0,0,1
202,RT @Hugoprsgugo: #2017LeDebat elle voulait jeter les craies ,Nan,2,2,1,0,0,1
203,RT @Hugoprsgugo: #2017LeDebat elle voulait jeter les craies ,Nan,2,2,1,0,0,1
204,RT @Hugoprsgugo: #2017LeDebat elle voulait jeter les craies ,Nan,2,2,1,0,0,1
205,#Presidentielle2017 #2017LeDebat Maintenant que MLP a montr√©e son vrai visage chaque %qu'elle fera dimanche sera un‚Ä¶ ,Nan,2,2,0,0,0,0
206,RT @Hugoprsgugo: #2017LeDebat elle voulait jeter les craies ,Nan,2,2,1,0,0,1
207,RT @Hugoprsgugo: #2017LeDebat elle voulait jeter les craies ,Nan,2,2,1,0,0,1
208,RT @Hugoprsgugo: #2017LeDebat elle voulait jeter les craies ,Nan,2,2,1,0,0,1
209,RT @Hugoprsgugo: #2017LeDebat elle voulait jeter les craies ,Nan,2,2,1,0,0,1
210,RT @Hugoprsgugo: #2017LeDebat elle voulait jeter les craies ,Nan,2,2,1,0,0,1
211,RT @Hugoprsgugo: #2017LeDebat elle voulait jeter les craies ,Nan,2,2,1,0,0,1
212,RT @Hugoprsgugo: #2017LeDebat elle voulait jeter les craies ,Nan,2,2,1,0,0,1
213,RT @Hugoprsgugo: #2017LeDebat elle voulait jeter les craies ,Nan,2,2,1,0,0,1
214,RT @Hugoprsgugo: #2017LeDebat elle voulait jeter les craies ,Nan,2,2,1,0,0,1
215,RT @Hugoprsgugo: #2017LeDebat elle voulait jeter les craies ,Nan,2,2,1,0,0,1
216,RT @Pti_Dgt: #Presidentielle2017Cherrrrre Mme Lepen hier Vous nous avez manqu√© de respect ! Nous avons des valeurs que vous n'aurez JAMAISüëå‚Ä¶ ,Nan,2,2,2,0,0,1
217,RT @Hugoprsgugo: #2017LeDebat elle voulait jeter les craies ,Nan,2,2,1,0,0,1
218,RT @Hugoprsgugo: #2017LeDebat elle voulait jeter les craies ,Nan,2,2,1,0,0,1
219,#Presidentielle2017 Cette Femme n'aurait jamais d√ª arriv√©e √† ce stade de la pr√©sidentielle! INCOMP√âTENCE HAINE ...ü§¢‚Ä¶ ,Nan,2,2,2,0,1,0
220,RT @Hugoprsgugo: #2017LeDebat elle voulait jeter les craies ,Nan,2,2,1,0,0,1
221,RT @Hugoprsgugo: #2017LeDebat elle voulait jeter les craies ,Nan,2,2,1,0,0,1
222,RT @Hugoprsgugo: #2017LeDebat elle voulait jeter les craies ,Nan,2,2,1,0,0,1
223,RT @Hugoprsgugo: #2017LeDebat elle voulait jeter les craies ,Nan,2,2,1,0,0,1
224,RT @Hugoprsgugo: #2017LeDebat elle voulait jeter les craies ,Nan,2,2,1,0,0,1
225,#Presidentielle2017Cherrrrre Mme Lepen hier Vous nous avez manqu√© de respect ! Nous avons des valeurs que vous n'au‚Ä¶ ,Nan,2,2,2,0,0,1
226,RT @Hugoprsgugo: #2017LeDebat elle voulait jeter les craies ,Nan,2,2,1,0,0,1
227,RT @Hugoprsgugo: #2017LeDebat elle voulait jeter les craies ,Nan,2,2,1,0,0,1
228,RT @Hugoprsgugo: #2017LeDebat elle voulait jeter les craies ,Nan,2,2,1,0,0,1
229,"#Presidentielle2017 L'hyst√©rique qui crie ""je veux rendre aux fran√ßais leur argent"" rends deja ce que tu nous dois‚Ä¶  ",0,2,2,2,1,0,1
230,RT @Hugoprsgugo: #2017LeDebat elle voulait jeter les craies ,Nan,2,2,1,0,0,1
231,#2017LeDebat Si Vous Allez sur le nom du Tweet Et que c en anglais:des extr√™mes droites des √âtatsUnisüò° Attention ‚ö†Ô∏è #Presidentielle2017l ,0,2,2,2,1,1,1
232,RT @Hugoprsgugo: #2017LeDebat elle voulait jeter les craies ,Nan,2,2,1,0,0,1
233,RT @Hugoprsgugo: #2017LeDebat elle voulait jeter les craies ,Nan,2,2,1,0,0,1
234,RT @Hugoprsgugo: #2017LeDebat elle voulait jeter les craies ,Nan,2,2,1,0,0,1
235,RT @Hugoprsgugo: #2017LeDebat elle voulait jeter les craies ,Nan,2,2,1,0,0,1
236,RT @Hugoprsgugo: #2017LeDebat elle voulait jeter les craies ,Nan,2,2,1,0,0,1
237,RT @Hugoprsgugo: #2017LeDebat elle voulait jeter les craies ,Nan,2,2,1,0,0,1
238,RT @Hugoprsgugo: #2017LeDebat elle voulait jeter les craies ,Nan,2,2,1,0,0,1
239,RT @Hugoprsgugo: #2017LeDebat elle voulait jeter les craies ,Nan,2,2,1,0,0,1
240,RT @Hugoprsgugo: #2017LeDebat elle voulait jeter les craies ,Nan,2,2,1,0,0,1
241,RT @Hugoprsgugo: #2017LeDebat elle voulait jeter les craies ,Nan,2,2,1,0,0,1
242,RT @Hugoprsgugo: #2017LeDebat elle voulait jeter les craies ,Nan,2,2,1,0,0,1
243,RT @Hugoprsgugo: #2017LeDebat elle voulait jeter les craies ,Nan,2,2,1,0,0,1
244,RT @Hugoprsgugo: #2017LeDebat elle voulait jeter les craies ,Nan,2,2,1,0,0,1
245,RT @Hugoprsgugo: #2017LeDebat elle voulait jeter les craies ,Nan,2,2,1,0,0,1
246,RT @Hugoprsgugo: #2017LeDebat elle voulait jeter les craies ,Nan,2,2,1,0,0,1
247,RT @Hugoprsgugo: #2017LeDebat elle voulait jeter les craies ,Nan,2,2,1,0,0,1
248,RT @Hugoprsgugo: #2017LeDebat elle voulait jeter les craies ,Nan,2,2,1,0,0,1
249,RT @Hugoprsgugo: #2017LeDebat elle voulait jeter les craies ,Nan,2,2,1,0,0,1
250,RT @Hugoprsgugo: #2017LeDebat elle voulait jeter les craies ,Nan,2,2,1,0,0,1
251,RT @Hugoprsgugo: #2017LeDebat elle voulait jeter les craies ,Nan,2,2,1,0,0,1
252,RT @Hugoprsgugo: #2017LeDebat elle voulait jeter les craies ,Nan,2,2,1,0,0,1
253,RT @Hugoprsgugo: #2017LeDebat elle voulait jeter les craies ,Nan,2,2,1,0,0,1
254,RT @Hugoprsgugo: #2017LeDebat elle voulait jeter les craies ,Nan,2,2,1,0,0,1
255,RT @Hugoprsgugo: #2017LeDebat elle voulait jeter les craies ,Nan,2,2,1,0,0,1
256,RT @Hugoprsgugo: #2017LeDebat elle voulait jeter les craies ,Nan,2,2,1,0,0,1
257,RT @Hugoprsgugo: #2017LeDebat elle voulait jeter les craies ,Nan,2,2,1,0,0,1
258,RT @Hugoprsgugo: #2017LeDebat elle voulait jeter les craies ,Nan,2,2,1,0,0,1
259,RT @Hugoprsgugo: #2017LeDebat elle voulait jeter les craies ,Nan,2,2,1,0,0,1
260,RT @Hugoprsgugo: #2017LeDebat elle voulait jeter les craies ,Nan,2,2,1,0,0,1
261,RT @Hugoprsgugo: #2017LeDebat elle voulait jeter les craies ,Nan,2,2,1,0,0,1
262,RT @Hugoprsgugo: #2017LeDebat elle voulait jeter les craies ,Nan,2,2,1,0,0,1
263,RT @Hugoprsgugo: #2017LeDebat elle voulait jeter les craies ,Nan,2,2,1,0,0,1
264,RT @Hugoprsgugo: #2017LeDebat elle voulait jeter les craies ,Nan,2,2,1,0,0,1
265,#Presidentielle2017 Cette femme n'aurait jamais d√ª arriv√©e √† ce stade de la pr√©sidentielle! INCOMP√âTENCE HAINE ...‚Ä¶ ,Nan,2,2,2,0,1,0
266,RT @Hugoprsgugo: #2017LeDebat elle voulait jeter les craies ,Nan,2,2,1,0,0,1
267,RT @Hugoprsgugo: #2017LeDebat elle voulait jeter les craies ,Nan,2,2,1,0,0,1
268,#Presidentielle2017 Mariage de Dupont Et Ducon en la cath√©drale de Reims #2017LeDebat ,Nan,2,2,2,0,0,1
269,RT @Hugoprsgugo: #2017LeDebat elle voulait jeter les craies ,Nan,2,2,1,0,0,1
270,RT @Hugoprsgugo: #2017LeDebat elle voulait jeter les craies ,Nan,2,2,1,0,0,1
271,RT @Hugoprsgugo: #2017LeDebat elle voulait jeter les craies ,Nan,2,2,1,0,0,1
272,RT @Hugoprsgugo: #2017LeDebat elle voulait jeter les craies ,Nan,2,2,1,0,0,1
273,RT @Hugoprsgugo: #2017LeDebat elle voulait jeter les craies ,Nan,2,2,1,0,0,1
274,RT @Hugoprsgugo: #2017LeDebat elle voulait jeter les craies ,Nan,2,2,1,0,0,1
275,RT @Hugoprsgugo: #2017LeDebat elle voulait jeter les craies ,Nan,2,2,1,0,0,1
276,RT @Hugoprsgugo: #2017LeDebat elle voulait jeter les craies ,Nan,2,2,1,0,0,1
277,RT @Hugoprsgugo: #2017LeDebat elle voulait jeter les craies ,Nan,2,2,1,0,0,1
278,RT @Hugoprsgugo: #2017LeDebat elle voulait jeter les craies ,Nan,2,2,1,0,0,1
279,RT @Hugoprsgugo: #2017LeDebat elle voulait jeter les craies ,Nan,2,2,1,0,0,1
280,RT @Hugoprsgugo: #2017LeDebat elle voulait jeter les craies ,Nan,2,2,1,0,0,1
281,RT @Hugoprsgugo: #2017LeDebat elle voulait jeter les craies ,Nan,2,2,1,0,0,1
282,RT @Hugoprsgugo: #2017LeDebat elle voulait jeter les craies ,Nan,2,2,1,0,0,1
283,RT @Hugoprsgugo: #2017LeDebat elle voulait jeter les craies ,Nan,2,2,1,0,0,1
284,RT @Hugoprsgugo: #2017LeDebat elle voulait jeter les craies ,Nan,2,2,1,0,0,1
285,RT @Hugoprsgugo: #2017LeDebat elle voulait jeter les craies ,Nan,2,2,1,0,0,1
286,"RT @FlvRancon: Macron r√©p√®te inlassablement ""parlez de votre projet"" , apr√®s que Marine a d√©j√† cit√© toutes ses mesures. Il n'√©coute rien. #2‚Ä¶ ",0,2,2,2,0,1,0
287,RT @Hugoprsgugo: #2017LeDebat elle voulait jeter les craies ,Nan,2,2,1,0,0,1
288,RT @FlvRancon: ¬´ Vous vous pr√©sentez √† l'√©lection sans projet contre le terrorisme islamiste. ¬ª - @MLP_officiel #2017LeDebat ,0,2,2,2,0,1,0
289,RT @Hugoprsgugo: #2017LeDebat elle voulait jeter les craies ,Nan,2,2,1,0,0,1
290,RT @Hugoprsgugo: #2017LeDebat elle voulait jeter les craies ,Nan,2,2,1,0,0,1
291,RT @Hugoprsgugo: #2017LeDebat elle voulait jeter les craies ,Nan,2,2,1,0,0,1
292,RT @Hugoprsgugo: #2017LeDebat elle voulait jeter les craies ,Nan,2,2,1,0,0,1
293,RT @Hugoprsgugo: #2017LeDebat elle voulait jeter les craies ,Nan,2,2,1,0,0,1
294,RT @Hugoprsgugo: #2017LeDebat elle voulait jeter les craies ,Nan,2,2,1,0,0,1
295,RT @Hugoprsgugo: #2017LeDebat elle voulait jeter les craies ,Nan,2,2,1,0,0,1
296,RT @Hugoprsgugo: #2017LeDebat elle voulait jeter les craies ,Nan,2,2,1,0,0,1
297,"RT @FlvRancon: ¬´ La s√©curit√© et le terrorisme est une probl√©matique majeure , totalement absente du projet de M. Macron. ¬ª - @MLP_officiel #‚Ä¶ ",0,2,2,2,0,0,1
298,RT @Hugoprsgugo: #2017LeDebat elle voulait jeter les craies ,Nan,2,2,1,0,0,1
299,RT @Hugoprsgugo: #2017LeDebat elle voulait jeter les craies ,Nan,2,2,1,0,0,1
300,RT @Hugoprsgugo: #2017LeDebat elle voulait jeter les craies ,Nan,2,2,1,0,0,1
301,RT @Hugoprsgugo: #2017LeDebat elle voulait jeter les craies ,Nan,2,2,1,0,0,1
302,RT @Hugoprsgugo: #2017LeDebat elle voulait jeter les craies ,Nan,2,2,1,0,0,1
303,RT @Hugoprsgugo: #2017LeDebat elle voulait jeter les craies ,Nan,2,2,1,0,0,1
304,"#2017LeDebat Des donneurs de le√ßons arrogant , caricatural,profiteur , menteur , haineux , ü§¢ü§¢ü§¢  ",0,2,2,2,0,0,1
305,RT @Hugoprsgugo: #2017LeDebat elle voulait jeter les craies ,Nan,2,2,1,0,0,1
306,RT @Hugoprsgugo: #2017LeDebat elle voulait jeter les craies ,Nan,2,2,1,0,0,1
307,"√ätre pr√©sident c √™tre dans la rigueur , la n√©gociation , de la diplomatie Et Non le foutage de gueule üòè #2017LeDebat  ",0,0,2,0,0,1,0
308,"RT @FlvRancon: ¬´ La s√©curit√© et le terrorisme est une probl√©matique majeure , totalement absente du projet de M. Macron. ¬ª - @MLP_officiel #‚Ä¶ ",0,2,2,2,0,0,1
309,"RT @FlvRancon: ¬´ La lutte contre le terrorisme islamiste , vous ne voulez pas la mener. ¬ª - @MLP_officiel #2017LeDebat ",0,2,2,2,0,0,1
310,RT @Hugoprsgugo: #2017LeDebat elle voulait jeter les craies ,Nan,2,2,1,0,0,1
311,RT @FlvRancon: ¬´ Vous vous pr√©sentez √† l'√©lection sans projet contre le terrorisme islamiste. ¬ª - @MLP_officiel #2017LeDebat ,0,2,2,2,0,1,0
312,"RT @FlvRancon: ¬´ Buvez un coup , √ßa va aller mieux. ¬ª - @MLP_officiel #2017LeDebat ",Nan,1,2,1,1,1,1
313,"Pour MLP la retraite √† 60 ans.. , euh oui mais applicable en fin de mandat!!!  Mdr üòÇüòÇüòÇüòÇ#2017LeDebat  ",Nan,2,2,2,0,1,0
314,"RT @FlvRancon: Macron r√©p√®te inlassablement ""parlez de votre projet"" , apr√®s que Marine a d√©j√† cit√© toutes ses mesures. Il n'√©coute rien. #2‚Ä¶ ",0,2,2,2,0,1,0
315,RT @Hugoprsgugo: #2017LeDebat elle voulait jeter les craies ,Nan,2,2,1,0,0,1
316,RT @Hugoprsgugo: #2017LeDebat elle voulait jeter les craies ,Nan,2,2,1,0,0,1
317,RT @Hugoprsgugo: #2017LeDebat elle voulait jeter les craies ,Nan,2,2,1,0,0,1
318,RT @Hugoprsgugo: #2017LeDebat elle voulait jeter les craies ,Nan,2,2,1,0,0,1
319,#2017LeDebat Beaucoup regrette!!! ,Nan,2,2,1,0,0,1
320,RT @Hugoprsgugo: #2017LeDebat elle voulait jeter les craies ,Nan,2,2,1,0,0,1
321,RT @Hugoprsgugo: #2017LeDebat elle voulait jeter les craies ,Nan,2,2,1,0,0,1
322,RT @Hugoprsgugo: #2017LeDebat elle voulait jeter les craies ,Nan,2,2,1,0,0,1
323,RT @Hugoprsgugo: #2017LeDebat elle voulait jeter les craies ,Nan,2,2,1,0,0,1
324,RT @Hugoprsgugo: #2017LeDebat elle voulait jeter les craies ,Nan,2,2,1,0,0,1
325,#2017LeDebat Chelou le Front National üò±üò±üò± ,Nan,2,2,2,0,0,1
326,RT @Pti_Dgt: #2017LeDebat. Quelle belle fr√©quentation ! ,1,1,1,1,1,1,1
327,"Les questions √† se poser: qui est apte √† ""faire"" pr√©sident ? Quel est le projet cr√©dible ? üòÑüòÉ #2017LeDebat ",0,2,2,2,0,1,0
328,RT @Hugoprsgugo: #2017LeDebat elle voulait jeter les craies ,Nan,2,2,1,0,0,1
329,RT @Hugoprsgugo: #2017LeDebat elle voulait jeter les craies ,Nan,2,2,1,0,0,1
330,RT @Hugoprsgugo: #2017LeDebat elle voulait jeter les craies ,Nan,2,2,1,0,0,1
331,RT @Hugoprsgugo: #2017LeDebat elle voulait jeter les craies ,Nan,2,2,1,0,0,1
332,RT @Hugoprsgugo: #2017LeDebat elle voulait jeter les craies ,Nan,2,2,1,0,0,1
333,#2017LeDebat Et honn√™te en plus!!!!!üò° ,1,2,2,2,0,0,1
334,RT @Hugoprsgugo: #2017LeDebat elle voulait jeter les craies ,Nan,2,2,1,0,0,1
335,RT @Hugoprsgugo: #2017LeDebat elle voulait jeter les craies ,Nan,2,2,1,0,0,1
336,#2017LeDebat La candidate du peuple üòÇ ,Nan,2,2,2,0,0,1
337,RT @Hugoprsgugo: #2017LeDebat elle voulait jeter les craies ,Nan,2,2,1,0,0,1
338,RT @Hugoprsgugo: #2017LeDebat elle voulait jeter les craies ,Nan,2,2,1,0,0,1
339,#2017LeDebat. Quelle belle fr√©quentation ! ,1,1,1,1,1,1,1
340,RT @Hugoprsgugo: #2017LeDebat elle voulait jeter les craies ,Nan,2,2,1,0,0,1
341,RT @Hugoprsgugo: #2017LeDebat elle voulait jeter les craies ,Nan,2,2,1,0,0,1
342,RT @Hugoprsgugo: #2017LeDebat elle voulait jeter les craies ,Nan,2,2,1,0,0,1
343,RT @Hugoprsgugo: #2017LeDebat elle voulait jeter les craies ,Nan,2,2,1,0,0,1
344,RT @Hugoprsgugo: #2017LeDebat elle voulait jeter les craies ,Nan,2,2,1,0,0,1
345,RT @Hugoprsgugo: #2017LeDebat elle voulait jeter les craies ,Nan,2,2,1,0,0,1
346,RT @Hugoprsgugo: #2017LeDebat elle voulait jeter les craies ,Nan,2,2,1,0,0,1
347,Arr√™tez de faire des montages au sujet de Macron üò°MLP vous n'√™tes plus cr√©dible ! #2017LeDebat ,0,2,2,0,0,0,0
348,RT @Hugoprsgugo: #2017LeDebat elle voulait jeter les craies ,Nan,2,2,1,0,0,1
349,RT @Hugoprsgugo: #2017LeDebat elle voulait jeter les craies ,Nan,2,2,1,0,0,1
350,RT @Hugoprsgugo: #2017LeDebat elle voulait jeter les craies ,Nan,2,2,1,0,0,1
351,RT @Hugoprsgugo: #2017LeDebat elle voulait jeter les craies ,Nan,2,2,1,0,0,1
352,RT @Hugoprsgugo: #2017LeDebat elle voulait jeter les craies ,Nan,2,2,1,0,0,1
353,RT @Hugoprsgugo: #2017LeDebat elle voulait jeter les craies ,Nan,2,2,1,0,0,1
354,RT @Hugoprsgugo: #2017LeDebat elle voulait jeter les craies ,Nan,2,2,1,0,0,1
355,RT @Hugoprsgugo: #2017LeDebat elle voulait jeter les craies ,Nan,2,2,1,0,0,1
356,RT @Hugoprsgugo: #2017LeDebat elle voulait jeter les craies ,Nan,2,2,1,0,0,1
357,RT @Hugoprsgugo: #2017LeDebat elle voulait jeter les craies ,Nan,2,2,1,0,0,1
358,RT @Hugoprsgugo: #2017LeDebat elle voulait jeter les craies ,Nan,2,2,1,0,0,1
359,RT @Hugoprsgugo: #2017LeDebat elle voulait jeter les craies ,Nan,2,2,1,0,0,1
360,RT @Hugoprsgugo: #2017LeDebat elle voulait jeter les craies ,Nan,2,2,1,0,0,1
361,RT @Hugoprsgugo: #2017LeDebat elle voulait jeter les craies ,Nan,2,2,1,0,0,1
362,RT @Hugoprsgugo: #2017LeDebat elle voulait jeter les craies ,Nan,2,2,1,0,0,1
363,RT @Hugoprsgugo: #2017LeDebat elle voulait jeter les craies ,Nan,2,2,1,0,0,1
364,RT @Hugoprsgugo: #2017LeDebat elle voulait jeter les craies ,Nan,2,2,1,0,0,1
365,RT @Hugoprsgugo: #2017LeDebat elle voulait jeter les craies ,Nan,2,2,1,0,0,1
366,RT @Hugoprsgugo: #2017LeDebat elle voulait jeter les craies ,Nan,2,2,1,0,0,1
367,RT @Hugoprsgugo: #2017LeDebat elle voulait jeter les craies ,Nan,2,2,1,0,0,1
368,RT @Hugoprsgugo: #2017LeDebat elle voulait jeter les craies ,Nan,2,2,1,0,0,1
369,RT @Hugoprsgugo: #2017LeDebat elle voulait jeter les craies ,Nan,2,2,1,0,0,1
370,RT @Hugoprsgugo: #2017LeDebat elle voulait jeter les craies ,Nan,2,2,1,0,0,1
371,RT @Hugoprsgugo: #2017LeDebat elle voulait jeter les craies ,Nan,2,2,1,0,0,1
372,RT @Hugoprsgugo: #2017LeDebat elle voulait jeter les craies ,Nan,2,2,1,0,0,1
373,RT @Hugoprsgugo: #2017LeDebat elle voulait jeter les craies ,Nan,2,2,1,0,0,1
374,RT @Hugoprsgugo: #2017LeDebat elle voulait jeter les craies ,Nan,2,2,1,0,0,1
375,"RT @nopa2015: KO lors du d√©bat , humili√©e √† Reims , incomp√©tente sur l'√©conomie. Fin de campagne calamiteuse pou Le Pen  #2017LeDebat #hchoum‚Ä¶ ",0,2,2,2,0,0,0
376,RT @Hugoprsgugo: #2017LeDebat elle voulait jeter les craies ,Nan,2,2,1,0,0,1
377,RT @Hugoprsgugo: #2017LeDebat elle voulait jeter les craies ,Nan,2,2,1,0,0,1
378,RT @Hugoprsgugo: #2017LeDebat elle voulait jeter les craies ,Nan,2,2,1,0,0,1
379,"RT @nopa2015: KO lors du d√©bat , humili√©e √† Reims , incomp√©tente sur l'√©conomie. Fin de campagne calamiteuse pou Le Pen  #2017LeDebat #hchoum‚Ä¶ ",0,2,2,2,0,0,0
380,"KO lors du d√©bat , humili√©e √† Reims , incomp√©tente sur l'√©conomie. Fin de campagne calamiteuse pou Le Pen  #2017LeDebat #hchouma #hetchoune ",0,2,2,2,0,0,0
381,RT @ZephixxMC: Qd t'avais pr√©vu soir√©e moules-frites avec la mif' #2017LeDebat ,Nan,2,2,2,1,0,0
382,RT @Hugoprsgugo: #2017LeDebat elle voulait jeter les craies ,Nan,2,2,1,0,0,1
383,RT @Hugoprsgugo: #2017LeDebat elle voulait jeter les craies ,Nan,2,2,1,0,0,1
384,RT @Hugoprsgugo: #2017LeDebat elle voulait jeter les craies ,Nan,2,2,1,0,0,1
385,RT @Hugoprsgugo: #2017LeDebat elle voulait jeter les craies ,Nan,2,2,1,0,0,1
386,RT @Hugoprsgugo: #2017LeDebat elle voulait jeter les craies ,Nan,2,2,1,0,0,1
387,RT @Hugoprsgugo: #2017LeDebat elle voulait jeter les craies ,Nan,2,2,1,0,0,1
388,RT @Hugoprsgugo: #2017LeDebat elle voulait jeter les craies ,Nan,2,2,1,0,0,1
389,RT @Hugoprsgugo: #2017LeDebat elle voulait jeter les craies ,Nan,2,2,1,0,0,1
390,RT @Hugoprsgugo: #2017LeDebat elle voulait jeter les craies ,Nan,2,2,1,0,0,1
391,RT @Hugoprsgugo: #2017LeDebat elle voulait jeter les craies ,Nan,2,2,1,0,0,1
392,RT @Hugoprsgugo: #2017LeDebat elle voulait jeter les craies ,Nan,2,2,1,0,0,1
393,RT @Hugoprsgugo: #2017LeDebat elle voulait jeter les craies ,Nan,2,2,1,0,0,1
394,RT @Hugoprsgugo: #2017LeDebat elle voulait jeter les craies ,Nan,2,2,1,0,0,1
395,RT @Hugoprsgugo: #2017LeDebat elle voulait jeter les craies ,Nan,2,2,1,0,0,1
396,RT @Hugoprsgugo: #2017LeDebat elle voulait jeter les craies ,Nan,2,2,1,0,0,1
397,RT @Hugoprsgugo: #2017LeDebat elle voulait jeter les craies ,Nan,2,2,1,0,0,1
398,RT @Hugoprsgugo: #2017LeDebat elle voulait jeter les craies ,Nan,2,2,1,0,0,1
399,RT @Hugoprsgugo: #2017LeDebat elle voulait jeter les craies ,Nan,2,2,1,0,0,1
400,RT @Hugoprsgugo: #2017LeDebat elle voulait jeter les craies ,Nan,2,2,1,0,0,1
401,RT @Hugoprsgugo: #2017LeDebat elle voulait jeter les craies ,Nan,2,2,1,0,0,1
402,RT @Hugoprsgugo: #2017LeDebat elle voulait jeter les craies ,Nan,2,2,1,0,0,1
403,RT @Hugoprsgugo: #2017LeDebat elle voulait jeter les craies ,Nan,2,2,1,0,0,1
404,RT @Hugoprsgugo: #2017LeDebat elle voulait jeter les craies ,Nan,2,2,1,0,0,1
405,RT @Hugoprsgugo: #2017LeDebat elle voulait jeter les craies ,Nan,2,2,1,0,0,1
406,RT @Hugoprsgugo: #2017LeDebat elle voulait jeter les craies ,Nan,2,2,1,0,0,1
407,RT @Hugoprsgugo: #2017LeDebat elle voulait jeter les craies ,Nan,2,2,1,0,0,1
408,RT @Hugoprsgugo: #2017LeDebat elle voulait jeter les craies ,Nan,2,2,1,0,0,1
409,RT @Hugoprsgugo: #2017LeDebat elle voulait jeter les craies ,Nan,2,2,1,0,0,1
410,RT @Hugoprsgugo: #2017LeDebat elle voulait jeter les craies ,Nan,2,2,1,0,0,1
411,RT @Hugoprsgugo: #2017LeDebat elle voulait jeter les craies ,Nan,2,2,1,0,0,1
412,RT @Hugoprsgugo: #2017LeDebat elle voulait jeter les craies ,Nan,2,2,1,0,0,1
413,RT @Hugoprsgugo: #2017LeDebat elle voulait jeter les craies ,Nan,2,2,1,0,0,1
414,RT @Hugoprsgugo: #2017LeDebat elle voulait jeter les craies ,Nan,2,2,1,0,0,1
415,RT @Hugoprsgugo: #2017LeDebat elle voulait jeter les craies ,Nan,2,2,1,0,0,1
416,RT @Hugoprsgugo: #2017LeDebat elle voulait jeter les craies ,Nan,2,2,1,0,0,1
417,RT @Hugoprsgugo: #2017LeDebat elle voulait jeter les craies ,Nan,2,2,1,0,0,1
418,RT @Hugoprsgugo: #2017LeDebat elle voulait jeter les craies ,Nan,2,2,1,0,0,1
419,RT @Hugoprsgugo: #2017LeDebat elle voulait jeter les craies ,Nan,2,2,1,0,0,1
420,RT @Hugoprsgugo: #2017LeDebat elle voulait jeter les craies ,Nan,2,2,1,0,0,1
421,RT @Hugoprsgugo: #2017LeDebat elle voulait jeter les craies ,Nan,2,2,1,0,0,1
422,RT @Hugoprsgugo: #2017LeDebat elle voulait jeter les craies ,Nan,2,2,1,0,0,1
423,RT @Hugoprsgugo: #2017LeDebat elle voulait jeter les craies ,Nan,2,2,1,0,0,1
424,RT @Hugoprsgugo: #2017LeDebat elle voulait jeter les craies ,Nan,2,2,1,0,0,1
425,@rdinho3 @dupontaignan ne livre pas son appr√©ciation sur #MLP dans #2017LeDebat. Et pour cause... ,0,2,2,2,0,1,0
426,RT @Hugoprsgugo: #2017LeDebat elle voulait jeter les craies ,Nan,2,2,1,0,0,1
427,RT @Hugoprsgugo: #2017LeDebat elle voulait jeter les craies ,Nan,2,2,1,0,0,1
428,RT @Hugoprsgugo: #2017LeDebat elle voulait jeter les craies ,Nan,2,2,1,0,0,1
429,RT @Hugoprsgugo: #2017LeDebat elle voulait jeter les craies ,Nan,2,2,1,0,0,1
430,RT @Hugoprsgugo: #2017LeDebat elle voulait jeter les craies ,Nan,2,2,1,0,0,1
431,RT @Hugoprsgugo: #2017LeDebat elle voulait jeter les craies ,Nan,2,2,1,0,0,1
432,RT @Hugoprsgugo: #2017LeDebat elle voulait jeter les craies ,Nan,2,2,1,0,0,1
433,RT @Pti_Dgt: #2017LeDebat Soyons serieux ! Lepen pr√©sidente? C une blague? ,0,0,2,0,0,1,0
434,RT @Pti_Dgt: #2017LeDebat Soyons serieux ! Lepen pr√©sidente? C une blague? ,0,0,2,0,0,1,0
435,RT @Hugoprsgugo: #2017LeDebat elle voulait jeter les craies ,Nan,2,2,1,0,0,1
436,RT @Pti_Dgt: #2017LeDebat Soyons serieux ! Lepen pr√©sidente? C une blague? ,0,0,2,0,0,1,0
437,RT @Hugoprsgugo: #2017LeDebat elle voulait jeter les craies ,Nan,2,2,1,0,0,1
438,RT @Hugoprsgugo: #2017LeDebat elle voulait jeter les craies ,Nan,2,2,1,0,0,1
439,RT @Hugoprsgugo: #2017LeDebat elle voulait jeter les craies ,Nan,2,2,1,0,0,1
440,RT @Hugoprsgugo: #2017LeDebat elle voulait jeter les craies ,Nan,2,2,1,0,0,1
441,RT @Hugoprsgugo: #2017LeDebat elle voulait jeter les craies ,Nan,2,2,1,0,0,1
442,RT @Hugoprsgugo: #2017LeDebat elle voulait jeter les craies ,Nan,2,2,1,0,0,1
443,RT @Hugoprsgugo: #2017LeDebat elle voulait jeter les craies ,Nan,2,2,1,0,0,1
444,RT @Hugoprsgugo: #2017LeDebat elle voulait jeter les craies ,Nan,2,2,1,0,0,1
445,RT @Hugoprsgugo: #2017LeDebat elle voulait jeter les craies ,Nan,2,2,1,0,0,1
446,RT @Hugoprsgugo: #2017LeDebat elle voulait jeter les craies ,Nan,2,2,1,0,0,1
447,RT @Hugoprsgugo: #2017LeDebat elle voulait jeter les craies ,Nan,2,2,1,0,0,1
448,RT @madc0w72: N'oubliez pas le vrai visage de Marine dimanche #jevotepour  #LeGrandDebat #2017LeDebat ,Nan,2,2,1,0,1,0
449,RT @Hugoprsgugo: #2017LeDebat elle voulait jeter les craies ,Nan,2,2,1,0,0,1
450,N'oubliez pas le vrai visage de Marine dimanche #jevotepour  #LeGrandDebat #2017LeDebat ,Nan,2,2,1,0,1,0
451,RT @Hugoprsgugo: #2017LeDebat elle voulait jeter les craies ,Nan,2,2,1,0,0,1
452,RT @Hugoprsgugo: #2017LeDebat elle voulait jeter les craies ,Nan,2,2,1,0,0,1
453,RT @Hugoprsgugo: #2017LeDebat elle voulait jeter les craies ,Nan,2,2,1,0,0,1
454,RT @Hugoprsgugo: #2017LeDebat elle voulait jeter les craies ,Nan,2,2,1,0,0,1
455,RT @Hugoprsgugo: #2017LeDebat elle voulait jeter les craies ,Nan,2,2,1,0,0,1
456,RT @Hugoprsgugo: #2017LeDebat elle voulait jeter les craies ,Nan,2,2,1,0,0,1
457,RT @Hugoprsgugo: #2017LeDebat elle voulait jeter les craies ,Nan,2,2,1,0,0,1
458,RT @Hugoprsgugo: #2017LeDebat elle voulait jeter les craies ,Nan,2,2,1,0,0,1
459,RT @Hugoprsgugo: #2017LeDebat elle voulait jeter les craies ,Nan,2,2,1,0,0,1
460,RT @Hugoprsgugo: #2017LeDebat elle voulait jeter les craies ,Nan,2,2,1,0,0,1
461,RT @Hugoprsgugo: #2017LeDebat elle voulait jeter les craies ,Nan,2,2,1,0,0,1
462,RT @Hugoprsgugo: #2017LeDebat elle voulait jeter les craies ,Nan,2,2,1,0,0,1
463,RT @Hugoprsgugo: #2017LeDebat elle voulait jeter les craies ,Nan,2,2,1,0,0,1
464,RT @Hugoprsgugo: #2017LeDebat elle voulait jeter les craies ,Nan,2,2,1,0,0,1
465,RT @Hugoprsgugo: #2017LeDebat elle voulait jeter les craies ,Nan,2,2,1,0,0,1
466,RT @Hugoprsgugo: #2017LeDebat elle voulait jeter les craies ,Nan,2,2,1,0,0,1
467,Mariage de Dupont Et Ducon en la cath√©drale de Reims #2017LeDebat ,Nan,2,2,2,0,0,1
468,RT @Hugoprsgugo: #2017LeDebat elle voulait jeter les craies ,Nan,2,2,1,0,0,1
469,RT @Hugoprsgugo: #2017LeDebat elle voulait jeter les craies ,Nan,2,2,1,0,0,1
470,RT @Hugoprsgugo: #2017LeDebat elle voulait jeter les craies ,Nan,2,2,1,0,0,1
471,RT @Hugoprsgugo: #2017LeDebat elle voulait jeter les craies ,Nan,2,2,1,0,0,1
472,RT @Hugoprsgugo: #2017LeDebat elle voulait jeter les craies ,Nan,2,2,1,0,0,1
473,RT @Hugoprsgugo: #2017LeDebat elle voulait jeter les craies ,Nan,2,2,1,0,0,1
474,RT @Hugoprsgugo: #2017LeDebat elle voulait jeter les craies ,Nan,2,2,1,0,0,1
475,RT @Hugoprsgugo: #2017LeDebat elle voulait jeter les craies ,Nan,2,2,1,0,0,1
476,RT @Hugoprsgugo: #2017LeDebat elle voulait jeter les craies ,Nan,2,2,1,0,0,1
477,RT @Hugoprsgugo: #2017LeDebat elle voulait jeter les craies ,Nan,2,2,1,0,0,1
478,RT @Hugoprsgugo: #2017LeDebat elle voulait jeter les craies ,Nan,2,2,1,0,0,1
479,"RT @Traitsdespritco: 15 dessins pour r√©sumer #2017LeDebat 
#UnBonDessinVautParfoisMieuxQuUnLongDiscours
 ",Nan,2,2,2,0,0,1
480,RT @Hugoprsgugo: #2017LeDebat elle voulait jeter les craies ,Nan,2,2,1,0,0,1
481,RT @Hugoprsgugo: #2017LeDebat elle voulait jeter les craies ,Nan,2,2,1,0,0,1
482,RT @Hugoprsgugo: #2017LeDebat elle voulait jeter les craies ,Nan,2,2,1,0,0,1
483,RT @Hugoprsgugo: #2017LeDebat elle voulait jeter les craies ,Nan,2,2,1,0,0,1
484,RT @Hugoprsgugo: #2017LeDebat elle voulait jeter les craies ,Nan,2,2,1,0,0,1
485,RT @Hugoprsgugo: #2017LeDebat elle voulait jeter les craies ,Nan,2,2,1,0,0,1
486,RT @Hugoprsgugo: #2017LeDebat elle voulait jeter les craies ,Nan,2,2,1,0,0,1
487,RT @Hugoprsgugo: #2017LeDebat elle voulait jeter les craies ,Nan,2,2,1,0,0,1
488,RT @Hugoprsgugo: #2017LeDebat elle voulait jeter les craies ,Nan,2,2,1,0,0,1
489,RT @Hugoprsgugo: #2017LeDebat elle voulait jeter les craies ,Nan,2,2,1,0,0,1
490,RT @Hugoprsgugo: #2017LeDebat elle voulait jeter les craies ,Nan,2,2,1,0,0,1
491,RT @Hugoprsgugo: #2017LeDebat elle voulait jeter les craies ,Nan,2,2,1,0,0,1
492,RT @Hugoprsgugo: #2017LeDebat elle voulait jeter les craies ,Nan,2,2,1,0,0,1
493,RT @Hugoprsgugo: #2017LeDebat elle voulait jeter les craies ,Nan,2,2,1,0,0,1
494,RT @Hugoprsgugo: #2017LeDebat elle voulait jeter les craies ,Nan,2,2,1,0,0,1
495,RT @Hugoprsgugo: #2017LeDebat elle voulait jeter les craies ,Nan,2,2,1,0,0,1
496,RT @Hugoprsgugo: #2017LeDebat elle voulait jeter les craies ,Nan,2,2,1,0,0,1
497,RT @Hugoprsgugo: #2017LeDebat elle voulait jeter les craies ,Nan,2,2,1,0,0,1
498,RT @Hugoprsgugo: #2017LeDebat elle voulait jeter les craies ,Nan,2,2,1,0,0,1
499,RT @Hugoprsgugo: #2017LeDebat elle voulait jeter les craies ,Nan,2,2,1,0,0,1
500,RT @Hugoprsgugo: #2017LeDebat elle voulait jeter les craies ,Nan,2,2,1,0,0,1
501,RT @Hugoprsgugo: #2017LeDebat elle voulait jeter les craies ,Nan,2,2,1,0,0,1
502,RT @Hugoprsgugo: #2017LeDebat elle voulait jeter les craies ,Nan,2,2,1,0,0,1
503,RT @Hugoprsgugo: #2017LeDebat elle voulait jeter les craies ,Nan,2,2,1,0,0,1
504,RT @Hugoprsgugo: #2017LeDebat elle voulait jeter les craies ,Nan,2,2,1,0,0,1
505,"RT @Rom__1__: Quand tu veux pas le dire , mais que ton visage le dit si bien √† ta place #2017LeDebat #Presidentielle2017  ",Nan,1,2,1,1,0,0
506,RT @Hugoprsgugo: #2017LeDebat elle voulait jeter les craies ,Nan,2,2,1,0,0,1
507,RT @Hugoprsgugo: #2017LeDebat elle voulait jeter les craies ,Nan,2,2,1,0,0,1
508,RT @Hugoprsgugo: #2017LeDebat elle voulait jeter les craies ,Nan,2,2,1,0,0,1
509,RT @Hugoprsgugo: #2017LeDebat elle voulait jeter les craies ,Nan,2,2,1,0,0,1
510,RT @Hugoprsgugo: #2017LeDebat elle voulait jeter les craies ,Nan,2,2,1,0,0,1
511,RT @Hugoprsgugo: #2017LeDebat elle voulait jeter les craies ,Nan,2,2,1,0,0,1
512,RT @Hugoprsgugo: #2017LeDebat elle voulait jeter les craies ,Nan,2,2,1,0,0,1
513,RT @Hugoprsgugo: #2017LeDebat elle voulait jeter les craies ,Nan,2,2,1,0,0,1
514,RT @Hugoprsgugo: #2017LeDebat elle voulait jeter les craies ,Nan,2,2,1,0,0,1
515,RT @Hugoprsgugo: #2017LeDebat elle voulait jeter les craies ,Nan,2,2,1,0,0,1
516,RT @Hugoprsgugo: #2017LeDebat elle voulait jeter les craies ,Nan,2,2,1,0,0,1
517,RT @Hugoprsgugo: #2017LeDebat elle voulait jeter les craies ,Nan,2,2,1,0,0,1
518,RT @Hugoprsgugo: #2017LeDebat elle voulait jeter les craies ,Nan,2,2,1,0,0,1
519,RT @Hugoprsgugo: #2017LeDebat elle voulait jeter les craies ,Nan,2,2,1,0,0,1
520,RT @Hugoprsgugo: #2017LeDebat elle voulait jeter les craies ,Nan,2,2,1,0,0,1
521,RT @Hugoprsgugo: #2017LeDebat elle voulait jeter les craies ,Nan,2,2,1,0,0,1
522,RT @Hugoprsgugo: #2017LeDebat elle voulait jeter les craies ,Nan,2,2,1,0,0,1
523,RT @Hugoprsgugo: #2017LeDebat elle voulait jeter les craies ,Nan,2,2,1,0,0,1
524,RT @Hugoprsgugo: #2017LeDebat elle voulait jeter les craies ,Nan,2,2,1,0,0,1
525,RT @Hugoprsgugo: #2017LeDebat elle voulait jeter les craies ,Nan,2,2,1,0,0,1
526,RT @Hugoprsgugo: #2017LeDebat elle voulait jeter les craies ,Nan,2,2,1,0,0,1
527,RT @Hugoprsgugo: #2017LeDebat elle voulait jeter les craies ,Nan,2,2,1,0,0,1
528,"RT @MPERDEREAU: Pendant des ann√©es #LePen a travaill√© sa d√©diabolisation. Tt √ßa pr rien , hier elle √©tait bien la candidate de l'extr√™me-dro‚Ä¶ ",1,2,2,2,1,1,1
529,RT @Hugoprsgugo: #2017LeDebat elle voulait jeter les craies ,Nan,2,2,1,0,0,1
530,RT @Hugoprsgugo: #2017LeDebat elle voulait jeter les craies ,Nan,2,2,1,0,0,1
531,RT @Hugoprsgugo: #2017LeDebat elle voulait jeter les craies ,Nan,2,2,1,0,0,1
532,RT @Hugoprsgugo: #2017LeDebat elle voulait jeter les craies ,Nan,2,2,1,0,0,1
533,RT @Hugoprsgugo: #2017LeDebat elle voulait jeter les craies ,Nan,2,2,1,0,0,1
534,RT @Hugoprsgugo: #2017LeDebat elle voulait jeter les craies ,Nan,2,2,1,0,0,1
535,RT @Hugoprsgugo: #2017LeDebat elle voulait jeter les craies ,Nan,2,2,1,0,0,1
536,RT @Hugoprsgugo: #2017LeDebat elle voulait jeter les craies ,Nan,2,2,1,0,0,1
537,RT @Hugoprsgugo: #2017LeDebat elle voulait jeter les craies ,Nan,2,2,1,0,0,1
538,RT @Hugoprsgugo: #2017LeDebat elle voulait jeter les craies ,Nan,2,2,1,0,0,1
539,RT @Hugoprsgugo: #2017LeDebat elle voulait jeter les craies ,Nan,2,2,1,0,0,1
540,RT @Hugoprsgugo: #2017LeDebat elle voulait jeter les craies ,Nan,2,2,1,0,0,1
541,RT @Hugoprsgugo: #2017LeDebat elle voulait jeter les craies ,Nan,2,2,1,0,0,1
542,RT @Hugoprsgugo: #2017LeDebat elle voulait jeter les craies ,Nan,2,2,1,0,0,1
543,RT @Hugoprsgugo: #2017LeDebat elle voulait jeter les craies ,Nan,2,2,1,0,0,1
544,RT @Hugoprsgugo: #2017LeDebat elle voulait jeter les craies ,Nan,2,2,1,0,0,1
545,RT @Hugoprsgugo: #2017LeDebat elle voulait jeter les craies ,Nan,2,2,1,0,0,1
546,RT @Hugoprsgugo: #2017LeDebat elle voulait jeter les craies ,Nan,2,2,1,0,0,1
547,RT @Hugoprsgugo: #2017LeDebat elle voulait jeter les craies ,Nan,2,2,1,0,0,1
548,RT @Hugoprsgugo: #2017LeDebat elle voulait jeter les craies ,Nan,2,2,1,0,0,1
549,RT @Hugoprsgugo: #2017LeDebat elle voulait jeter les craies ,Nan,2,2,1,0,0,1
550,RT @Hugoprsgugo: #2017LeDebat elle voulait jeter les craies ,Nan,2,2,1,0,0,1
551,RT @Hugoprsgugo: #2017LeDebat elle voulait jeter les craies ,Nan,2,2,1,0,0,1
552,RT @Hugoprsgugo: #2017LeDebat elle voulait jeter les craies ,Nan,2,2,1,0,0,1
553,RT @Hugoprsgugo: #2017LeDebat elle voulait jeter les craies ,Nan,2,2,1,0,0,1
554,RT @Hugoprsgugo: #2017LeDebat elle voulait jeter les craies ,Nan,2,2,1,0,0,1
555,RT @Hugoprsgugo: #2017LeDebat elle voulait jeter les craies ,Nan,2,2,1,0,0,1
556,RT @Hugoprsgugo: #2017LeDebat elle voulait jeter les craies ,Nan,2,2,1,0,0,1
557,RT @Hugoprsgugo: #2017LeDebat elle voulait jeter les craies ,Nan,2,2,1,0,0,1
558,RT @Hugoprsgugo: #2017LeDebat elle voulait jeter les craies ,Nan,2,2,1,0,0,1
559,RT @Hugoprsgugo: #2017LeDebat elle voulait jeter les craies ,Nan,2,2,1,0,0,1
560,RT @Hugoprsgugo: #2017LeDebat elle voulait jeter les craies ,Nan,2,2,1,0,0,1
561,RT @Hugoprsgugo: #2017LeDebat elle voulait jeter les craies ,Nan,2,2,1,0,0,1
562,RT @Hugoprsgugo: #2017LeDebat elle voulait jeter les craies ,Nan,2,2,1,0,0,1
563,RT @Hugoprsgugo: #2017LeDebat elle voulait jeter les craies ,Nan,2,2,1,0,0,1
564,RT @Hugoprsgugo: #2017LeDebat elle voulait jeter les craies ,Nan,2,2,1,0,0,1
565,RT @Hugoprsgugo: #2017LeDebat elle voulait jeter les craies ,Nan,2,2,1,0,0,1
566,RT @Hugoprsgugo: #2017LeDebat elle voulait jeter les craies ,Nan,2,2,1,0,0,1
567,RT @Hugoprsgugo: #2017LeDebat elle voulait jeter les craies ,Nan,2,2,1,0,0,1
568,RT @Hugoprsgugo: #2017LeDebat elle voulait jeter les craies ,Nan,2,2,1,0,0,1
569,RT @Hugoprsgugo: #2017LeDebat elle voulait jeter les craies ,Nan,2,2,1,0,0,1
570,RT @Hugoprsgugo: #2017LeDebat elle voulait jeter les craies ,Nan,2,2,1,0,0,1
571,RT @Hugoprsgugo: #2017LeDebat elle voulait jeter les craies ,Nan,2,2,1,0,0,1
572,"RT @MPERDEREAU: Pendant des ann√©es #LePen a travaill√© sa d√©diabolisation. Tt √ßa pr rien , hier elle √©tait bien la candidate de l'extr√™me-dro‚Ä¶ ",1,2,2,2,1,1,1
573,Vous ne trouvez pas que les jeunes militants Lepen sont chelous? ü§¢ #2017LeDebat ,Nan,2,2,0,0,0,0
574,RT @Hugoprsgugo: #2017LeDebat elle voulait jeter les craies ,Nan,2,2,1,0,0,1
575,RT @Hugoprsgugo: #2017LeDebat elle voulait jeter les craies ,Nan,2,2,1,0,0,1
576,RT @Hugoprsgugo: #2017LeDebat elle voulait jeter les craies ,Nan,2,2,1,0,0,1
577,RT @Hugoprsgugo: #2017LeDebat elle voulait jeter les craies ,Nan,2,2,1,0,0,1
578,RT @Hugoprsgugo: #2017LeDebat elle voulait jeter les craies ,Nan,2,2,1,0,0,1
579,"#2017LeDebat Un d√©bat qui nous laiss√© tr√®s perplexe. O√π √©tait les mesures pour les Travailleurs , Pr√©caires , Auto-entrepreneurs , les jeunes ? ",0,2,2,0,0,0,1
580,RT @Hugoprsgugo: #2017LeDebat elle voulait jeter les craies ,Nan,2,2,1,0,0,1
581,RT @Hugoprsgugo: #2017LeDebat elle voulait jeter les craies ,Nan,2,2,1,0,0,1
582,RT @Hugoprsgugo: #2017LeDebat elle voulait jeter les craies ,Nan,2,2,1,0,0,1
583,RT @Pti_Dgt: MLP se d√©place ds les campagnes pas folle la gu√™peüòâDes votants influen√ßables et en col√®re. Comp√©tente ou pas Ils s'en fichent‚Ä¶ ,0,2,2,2,0,1,0
584,RT @Hugoprsgugo: #2017LeDebat elle voulait jeter les craies ,Nan,2,2,1,0,0,1
585,RT @Hugoprsgugo: #2017LeDebat elle voulait jeter les craies ,Nan,2,2,1,0,0,1
586,RT @Hugoprsgugo: #2017LeDebat elle voulait jeter les craies ,Nan,2,2,1,0,0,1
587,MLP se d√©place ds les campagnes pas folle la gu√™peüòâDes votants influen√ßables et en col√®re. Comp√©tente ou pas Ils s'‚Ä¶ ,0,2,2,2,1,1,1
588,RT @Hugoprsgugo: #2017LeDebat elle voulait jeter les craies ,Nan,2,2,1,0,0,1
589,RT @Hugoprsgugo: #2017LeDebat elle voulait jeter les craies ,Nan,2,2,1,0,0,1
590,RT @Hugoprsgugo: #2017LeDebat elle voulait jeter les craies ,Nan,2,2,1,0,0,1
591,RT @Hugoprsgugo: #2017LeDebat elle voulait jeter les craies ,Nan,2,2,1,0,0,1
592,RT @Hugoprsgugo: #2017LeDebat elle voulait jeter les craies ,Nan,2,2,1,0,0,1
593,RT @Hugoprsgugo: #2017LeDebat elle voulait jeter les craies ,Nan,2,2,1,0,0,1
594,RT @Hugoprsgugo: #2017LeDebat elle voulait jeter les craies ,Nan,2,2,1,0,0,1
595,RT @Hugoprsgugo: #2017LeDebat elle voulait jeter les craies ,Nan,2,2,1,0,0,1
596,RT @Hugoprsgugo: #2017LeDebat elle voulait jeter les craies ,Nan,2,2,1,0,0,1
597,RT @Hugoprsgugo: #2017LeDebat elle voulait jeter les craies ,Nan,2,2,1,0,0,1
598,RT @Hugoprsgugo: #2017LeDebat elle voulait jeter les craies ,Nan,2,2,1,0,0,1
599,RT @Hugoprsgugo: #2017LeDebat elle voulait jeter les craies ,Nan,2,2,1,0,0,1
600,RT @Hugoprsgugo: #2017LeDebat elle voulait jeter les craies ,Nan,2,2,1,0,0,1
601,RT @Hugoprsgugo: #2017LeDebat elle voulait jeter les craies ,Nan,2,2,1,0,0,1
602,RT @Hugoprsgugo: #2017LeDebat elle voulait jeter les craies ,Nan,2,2,1,0,0,1
603,RT @Hugoprsgugo: #2017LeDebat elle voulait jeter les craies ,Nan,2,2,1,0,0,1
604,RT @Hugoprsgugo: #2017LeDebat elle voulait jeter les craies ,Nan,2,2,1,0,0,1
605,RT @Hugoprsgugo: #2017LeDebat elle voulait jeter les craies ,Nan,2,2,1,0,0,1
606,RT @Hugoprsgugo: #2017LeDebat elle voulait jeter les craies ,Nan,2,2,1,0,0,1
607,RT @Hugoprsgugo: #2017LeDebat elle voulait jeter les craies ,Nan,2,2,1,0,0,1
608,"RT @Traitsdespritco: 15 dessins pour r√©sumer #2017LeDebat 
#UnBonDessinVautParfoisMieuxQuUnLongDiscours
 ",Nan,2,2,2,0,0,1
609,RT @Hugoprsgugo: #2017LeDebat elle voulait jeter les craies ,Nan,2,2,1,0,0,1
610,RT @Hugoprsgugo: #2017LeDebat elle voulait jeter les craies ,Nan,2,2,1,0,0,1
611,RT @Hugoprsgugo: #2017LeDebat elle voulait jeter les craies ,Nan,2,2,1,0,0,1
612,RT @Hugoprsgugo: #2017LeDebat elle voulait jeter les craies ,Nan,2,2,1,0,0,1
613,RT @Hugoprsgugo: #2017LeDebat elle voulait jeter les craies ,Nan,2,2,1,0,0,1
614,RT @Hugoprsgugo: #2017LeDebat elle voulait jeter les craies ,Nan,2,2,1,0,0,1
615,RT @Hugoprsgugo: #2017LeDebat elle voulait jeter les craies ,Nan,2,2,1,0,0,1
616,RT @Hugoprsgugo: #2017LeDebat elle voulait jeter les craies ,Nan,2,2,1,0,0,1
617,RT @Hugoprsgugo: #2017LeDebat elle voulait jeter les craies ,Nan,2,2,1,0,0,1
618,RT @Hugoprsgugo: #2017LeDebat elle voulait jeter les craies ,Nan,2,2,1,0,0,1
619,RT @Hugoprsgugo: #2017LeDebat elle voulait jeter les craies ,Nan,2,2,1,0,0,1
620,RT @Hugoprsgugo: #2017LeDebat elle voulait jeter les craies ,Nan,2,2,1,0,0,1
621,RT @Hugoprsgugo: #2017LeDebat elle voulait jeter les craies ,Nan,2,2,1,0,0,1
622,RT @Hugoprsgugo: #2017LeDebat elle voulait jeter les craies ,Nan,2,2,1,0,0,1
623,RT @Hugoprsgugo: #2017LeDebat elle voulait jeter les craies ,Nan,2,2,1,0,0,1
624,RT @Hugoprsgugo: #2017LeDebat elle voulait jeter les craies ,Nan,2,2,1,0,0,1
625,RT @Hugoprsgugo: #2017LeDebat elle voulait jeter les craies ,Nan,2,2,1,0,0,1
626,RT @Hugoprsgugo: #2017LeDebat elle voulait jeter les craies ,Nan,2,2,1,0,0,1
627,RT @Hugoprsgugo: #2017LeDebat elle voulait jeter les craies ,Nan,2,2,1,0,0,1
628,RT @Hugoprsgugo: #2017LeDebat elle voulait jeter les craies ,Nan,2,2,1,0,0,1
629,RT @Hugoprsgugo: #2017LeDebat elle voulait jeter les craies ,Nan,2,2,1,0,0,1
630,RT @Hugoprsgugo: #2017LeDebat elle voulait jeter les craies ,Nan,2,2,1,0,0,1
631,RT @Hugoprsgugo: #2017LeDebat elle voulait jeter les craies ,Nan,2,2,1,0,0,1
632,RT @Hugoprsgugo: #2017LeDebat elle voulait jeter les craies ,Nan,2,2,1,0,0,1
633,RT @Hugoprsgugo: #2017LeDebat elle voulait jeter les craies ,Nan,2,2,1,0,0,1
634,RT @Hugoprsgugo: #2017LeDebat elle voulait jeter les craies ,Nan,2,2,1,0,0,1
635,RT @Hugoprsgugo: #2017LeDebat elle voulait jeter les craies ,Nan,2,2,1,0,0,1
636,RT @Hugoprsgugo: #2017LeDebat elle voulait jeter les craies ,Nan,2,2,1,0,0,1
637,RT @Hugoprsgugo: #2017LeDebat elle voulait jeter les craies ,Nan,2,2,1,0,0,1
638,RT @Hugoprsgugo: #2017LeDebat elle voulait jeter les craies ,Nan,2,2,1,0,0,1
639,RT @Hugoprsgugo: #2017LeDebat elle voulait jeter les craies ,Nan,2,2,1,0,0,1
640,RT @Hugoprsgugo: #2017LeDebat elle voulait jeter les craies ,Nan,2,2,1,0,0,1
641,RT @Hugoprsgugo: #2017LeDebat elle voulait jeter les craies ,Nan,2,2,1,0,0,1
642,RT @Hugoprsgugo: #2017LeDebat elle voulait jeter les craies ,Nan,2,2,1,0,0,1
643,RT @Hugoprsgugo: #2017LeDebat elle voulait jeter les craies ,Nan,2,2,1,0,0,1
644,RT @Hugoprsgugo: #2017LeDebat elle voulait jeter les craies ,Nan,2,2,1,0,0,1
645,RT @Hugoprsgugo: #2017LeDebat elle voulait jeter les craies ,Nan,2,2,1,0,0,1
646,RT @Hugoprsgugo: #2017LeDebat elle voulait jeter les craies ,Nan,2,2,1,0,0,1
647,RT @Hugoprsgugo: #2017LeDebat elle voulait jeter les craies ,Nan,2,2,1,0,0,1
648,RT @Hugoprsgugo: #2017LeDebat elle voulait jeter les craies ,Nan,2,2,1,0,0,1
649,RT @Hugoprsgugo: #2017LeDebat elle voulait jeter les craies ,Nan,2,2,1,0,0,1
650,RT @Hugoprsgugo: #2017LeDebat elle voulait jeter les craies ,Nan,2,2,1,0,0,1
651,RT @Hugoprsgugo: #2017LeDebat elle voulait jeter les craies ,Nan,2,2,1,0,0,1
652,RT @Hugoprsgugo: #2017LeDebat elle voulait jeter les craies ,Nan,2,2,1,0,0,1
653,RT @Hugoprsgugo: #2017LeDebat elle voulait jeter les craies ,Nan,2,2,1,0,0,1
654,RT @Hugoprsgugo: #2017LeDebat elle voulait jeter les craies ,Nan,2,2,1,0,0,1
655,RT @Hugoprsgugo: #2017LeDebat elle voulait jeter les craies ,Nan,2,2,1,0,0,1
656,RT @Hugoprsgugo: #2017LeDebat elle voulait jeter les craies ,Nan,2,2,1,0,0,1
657,RT @Hugoprsgugo: #2017LeDebat elle voulait jeter les craies ,Nan,2,2,1,0,0,1
658,RT @Hugoprsgugo: #2017LeDebat elle voulait jeter les craies ,Nan,2,2,1,0,0,1
659,RT @Hugoprsgugo: #2017LeDebat elle voulait jeter les craies ,Nan,2,2,1,0,0,1
660,RT @Hugoprsgugo: #2017LeDebat elle voulait jeter les craies ,Nan,2,2,1,0,0,1
661,RT @Hugoprsgugo: #2017LeDebat elle voulait jeter les craies ,Nan,2,2,1,0,0,1
662,RT @Hugoprsgugo: #2017LeDebat elle voulait jeter les craies ,Nan,2,2,1,0,0,1
663,RT @Hugoprsgugo: #2017LeDebat elle voulait jeter les craies ,Nan,2,2,1,0,0,1
664,RT @Hugoprsgugo: #2017LeDebat elle voulait jeter les craies ,Nan,2,2,1,0,0,1
665,RT @Hugoprsgugo: #2017LeDebat elle voulait jeter les craies ,Nan,2,2,1,0,0,1
666,RT @Hugoprsgugo: #2017LeDebat elle voulait jeter les craies ,Nan,2,2,1,0,0,1
667,RT @Hugoprsgugo: #2017LeDebat elle voulait jeter les craies ,Nan,2,2,1,0,0,1
668,RT @Hugoprsgugo: #2017LeDebat elle voulait jeter les craies ,Nan,2,2,1,0,0,1
669,RT @Hugoprsgugo: #2017LeDebat elle voulait jeter les craies ,Nan,2,2,1,0,0,1
670,RT @Hugoprsgugo: #2017LeDebat elle voulait jeter les craies ,Nan,2,2,1,0,0,1
671,RT @Hugoprsgugo: #2017LeDebat elle voulait jeter les craies ,Nan,2,2,1,0,0,1
672,RT @Hugoprsgugo: #2017LeDebat elle voulait jeter les craies ,Nan,2,2,1,0,0,1
673,RT @Hugoprsgugo: #2017LeDebat elle voulait jeter les craies ,Nan,2,2,1,0,0,1
674,RT @Hugoprsgugo: #2017LeDebat elle voulait jeter les craies ,Nan,2,2,1,0,0,1
675,"RT @MPERDEREAU: Pendant des ann√©es #LePen a travaill√© sa d√©diabolisation. Tt √ßa pr rien , hier elle √©tait bien la candidate de l'extr√™me-dro‚Ä¶ ",1,2,2,2,1,1,1
676,RT @Hugoprsgugo: #2017LeDebat elle voulait jeter les craies ,Nan,2,2,1,0,0,1
677,RT @Hugoprsgugo: #2017LeDebat elle voulait jeter les craies ,Nan,2,2,1,0,0,1
678,RT @Hugoprsgugo: #2017LeDebat elle voulait jeter les craies ,Nan,2,2,1,0,0,1
679,RT @Hugoprsgugo: #2017LeDebat elle voulait jeter les craies ,Nan,2,2,1,0,0,1
680,RT @Hugoprsgugo: #2017LeDebat elle voulait jeter les craies ,Nan,2,2,1,0,0,1
681,RT @Hugoprsgugo: #2017LeDebat elle voulait jeter les craies ,Nan,2,2,1,0,0,1
682,RT @Hugoprsgugo: #2017LeDebat elle voulait jeter les craies ,Nan,2,2,1,0,0,1
683,RT @Hugoprsgugo: #2017LeDebat elle voulait jeter les craies ,Nan,2,2,1,0,0,1
684,RT @Hugoprsgugo: #2017LeDebat elle voulait jeter les craies ,Nan,2,2,1,0,0,1
685,RT @Hugoprsgugo: #2017LeDebat elle voulait jeter les craies ,Nan,2,2,1,0,0,1
686,RT @Hugoprsgugo: #2017LeDebat elle voulait jeter les craies ,Nan,2,2,1,0,0,1
687,RT @Hugoprsgugo: #2017LeDebat elle voulait jeter les craies ,Nan,2,2,1,0,0,1
688,RT @Hugoprsgugo: #2017LeDebat elle voulait jeter les craies ,Nan,2,2,1,0,0,1
689,RT @Hugoprsgugo: #2017LeDebat elle voulait jeter les craies ,Nan,2,2,1,0,0,1
690,RT @Hugoprsgugo: #2017LeDebat elle voulait jeter les craies ,Nan,2,2,1,0,0,1
691,RT @Hugoprsgugo: #2017LeDebat elle voulait jeter les craies ,Nan,2,2,1,0,0,1
692,RT @Hugoprsgugo: #2017LeDebat elle voulait jeter les craies ,Nan,2,2,1,0,0,1
693,RT @Hugoprsgugo: #2017LeDebat elle voulait jeter les craies ,Nan,2,2,1,0,0,1
694,RT @Hugoprsgugo: #2017LeDebat elle voulait jeter les craies ,Nan,2,2,1,0,0,1
695,RT @Hugoprsgugo: #2017LeDebat elle voulait jeter les craies ,Nan,2,2,1,0,0,1
696,RT @Hugoprsgugo: #2017LeDebat elle voulait jeter les craies ,Nan,2,2,1,0,0,1
697,RT @Hugoprsgugo: #2017LeDebat elle voulait jeter les craies ,Nan,2,2,1,0,0,1
698,RT @Hugoprsgugo: #2017LeDebat elle voulait jeter les craies ,Nan,2,2,1,0,0,1
699,RT @Hugoprsgugo: #2017LeDebat elle voulait jeter les craies ,Nan,2,2,1,0,0,1
700,RT @Hugoprsgugo: #2017LeDebat elle voulait jeter les craies ,Nan,2,2,1,0,0,1
701,RT @Hugoprsgugo: #2017LeDebat elle voulait jeter les craies ,Nan,2,2,1,0,0,1
702,RT @Hugoprsgugo: #2017LeDebat elle voulait jeter les craies ,Nan,2,2,1,0,0,1
703,RT @Hugoprsgugo: #2017LeDebat elle voulait jeter les craies ,Nan,2,2,1,0,0,1
704,RT @Hugoprsgugo: #2017LeDebat elle voulait jeter les craies ,Nan,2,2,1,0,0,1
705,RT @Hugoprsgugo: #2017LeDebat elle voulait jeter les craies ,Nan,2,2,1,0,0,1
706,RT @Hugoprsgugo: #2017LeDebat elle voulait jeter les craies ,Nan,2,2,1,0,0,1
707,RT @Hugoprsgugo: #2017LeDebat elle voulait jeter les craies ,Nan,2,2,1,0,0,1
708,RT @Hugoprsgugo: #2017LeDebat elle voulait jeter les craies ,Nan,2,2,1,0,0,1
709,RT @Hugoprsgugo: #2017LeDebat elle voulait jeter les craies ,Nan,2,2,1,0,0,1
710,RT @Hugoprsgugo: #2017LeDebat elle voulait jeter les craies ,Nan,2,2,1,0,0,1
711,RT @Hugoprsgugo: #2017LeDebat elle voulait jeter les craies ,Nan,2,2,1,0,0,1
712,RT @Hugoprsgugo: #2017LeDebat elle voulait jeter les craies ,Nan,2,2,1,0,0,1
713,RT @Hugoprsgugo: #2017LeDebat elle voulait jeter les craies ,Nan,2,2,1,0,0,1
714,RT @Hugoprsgugo: #2017LeDebat elle voulait jeter les craies ,Nan,2,2,1,0,0,1
715,RT @Hugoprsgugo: #2017LeDebat elle voulait jeter les craies ,Nan,2,2,1,0,0,1
716,RT @Hugoprsgugo: #2017LeDebat elle voulait jeter les craies ,Nan,2,2,1,0,0,1
717,RT @Hugoprsgugo: #2017LeDebat elle voulait jeter les craies ,Nan,2,2,1,0,0,1
718,RT @Hugoprsgugo: #2017LeDebat elle voulait jeter les craies ,Nan,2,2,1,0,0,1
719,RT @Hugoprsgugo: #2017LeDebat elle voulait jeter les craies ,Nan,2,2,1,0,0,1
720,RT @Hugoprsgugo: #2017LeDebat elle voulait jeter les craies ,Nan,2,2,1,0,0,1
721,RT @Hugoprsgugo: #2017LeDebat elle voulait jeter les craies ,Nan,2,2,1,0,0,1
722,RT @Hugoprsgugo: #2017LeDebat elle voulait jeter les craies ,Nan,2,2,1,0,0,1
723,RT @Hugoprsgugo: #2017LeDebat elle voulait jeter les craies ,Nan,2,2,1,0,0,1
724,RT @Hugoprsgugo: #2017LeDebat elle voulait jeter les craies ,Nan,2,2,1,0,0,1
725,RT @Hugoprsgugo: #2017LeDebat elle voulait jeter les craies ,Nan,2,2,1,0,0,1
726,RT @Hugoprsgugo: #2017LeDebat elle voulait jeter les craies ,Nan,2,2,1,0,0,1
727,RT @Hugoprsgugo: #2017LeDebat elle voulait jeter les craies ,Nan,2,2,1,0,0,1
728,RT @Hugoprsgugo: #2017LeDebat elle voulait jeter les craies ,Nan,2,2,1,0,0,1
729,RT @Hugoprsgugo: #2017LeDebat elle voulait jeter les craies ,Nan,2,2,1,0,0,1
730,RT @Hugoprsgugo: #2017LeDebat elle voulait jeter les craies ,Nan,2,2,1,0,0,1
731,RT @Hugoprsgugo: #2017LeDebat elle voulait jeter les craies ,Nan,2,2,1,0,0,1
732,RT @Hugoprsgugo: #2017LeDebat elle voulait jeter les craies ,Nan,2,2,1,0,0,1
733,RT @Hugoprsgugo: #2017LeDebat elle voulait jeter les craies ,Nan,2,2,1,0,0,1
734,RT @Pti_Dgt: Cette femme n'aurait jamais d√ª arriv√©e √† ce stade de la pr√©sidentielle! INCOMP√âTENCE HAINE ... #2017LeDebat ,Nan,2,2,2,0,1,0
735,RT @Hugoprsgugo: #2017LeDebat elle voulait jeter les craies ,Nan,2,2,1,0,0,1
736,RT @Hugoprsgugo: #2017LeDebat elle voulait jeter les craies ,Nan,2,2,1,0,0,1
737,RT @Hugoprsgugo: #2017LeDebat elle voulait jeter les craies ,Nan,2,2,1,0,0,1
738,RT @Hugoprsgugo: #2017LeDebat elle voulait jeter les craies ,Nan,2,2,1,0,0,1
739,RT @Hugoprsgugo: #2017LeDebat elle voulait jeter les craies ,Nan,2,2,1,0,0,1
740,RT @Hugoprsgugo: #2017LeDebat elle voulait jeter les craies ,Nan,2,2,1,0,0,1
741,RT @Hugoprsgugo: #2017LeDebat elle voulait jeter les craies ,Nan,2,2,1,0,0,1
742,RT @Hugoprsgugo: #2017LeDebat elle voulait jeter les craies ,Nan,2,2,1,0,0,1
743,RT @Hugoprsgugo: #2017LeDebat elle voulait jeter les craies ,Nan,2,2,1,0,0,1
744,RT @Hugoprsgugo: #2017LeDebat elle voulait jeter les craies ,Nan,2,2,1,0,0,1
745,RT @Hugoprsgugo: #2017LeDebat elle voulait jeter les craies ,Nan,2,2,1,0,0,1
746,RT @Hugoprsgugo: #2017LeDebat elle voulait jeter les craies ,Nan,2,2,1,0,0,1
747,RT @Pti_Dgt: Cette femme n'aurait jamais d√ª arriv√©e √† ce stade de la pr√©sidentielle! INCOMP√âTENCE HAINE ... #2017LeDebat ,Nan,2,2,2,0,1,0
748,RT @Asm998: La l√©gende raconte qu'elle attend tjr qu'ils se taisent #2017LeDebat üòÇ ,Nan,2,2,2,0,0,0
749,RT @Hugoprsgugo: #2017LeDebat elle voulait jeter les craies ,Nan,2,2,1,0,0,1
750,RT @theopadilla_: C'est difficile de faire le jeu du FN avec une candidate aussi nulle. #2017LeDebat ,0,2,2,2,0,0,0
751,RT @Hugoprsgugo: #2017LeDebat elle voulait jeter les craies ,Nan,2,2,1,0,0,1
752,RT @Hugoprsgugo: #2017LeDebat elle voulait jeter les craies ,Nan,2,2,1,0,0,1
753,"RT @M_Orphelin: Petit bilan apr√®s 45 mn de d√©bat : Pour Le Pen d√©j√† 5 INTOX (oui , 5 !) , contre juste une exag√©ration pour Macron :) #2017Le‚Ä¶ ",0,2,2,2,1,1,1
754,RT @M_Orphelin: Marine Le Pen montre son vrai visage. Terrible. J'esp√®re que tous ceux qui voulaient s'abstenir le 7 mai sont devant la t√©l‚Ä¶ ,Nan,2,2,2,1,1,1
755,RT @theopadilla_: C'est difficile de faire le jeu du FN avec une candidate aussi nulle. #2017LeDebat ,0,2,2,2,0,0,0
756,RT @Hugoprsgugo: #2017LeDebat elle voulait jeter les craies ,Nan,2,2,1,0,0,1
757,RT @Hugoprsgugo: #2017LeDebat elle voulait jeter les craies ,Nan,2,2,1,0,0,1
758,RT @Hugoprsgugo: #2017LeDebat elle voulait jeter les craies ,Nan,2,2,1,0,0,1
759,RT @Hugoprsgugo: #2017LeDebat elle voulait jeter les craies ,Nan,2,2,1,0,0,1
760,RT @Hugoprsgugo: #2017LeDebat elle voulait jeter les craies ,Nan,2,2,1,0,0,1
761,RT @Hugoprsgugo: #2017LeDebat elle voulait jeter les craies ,Nan,2,2,1,0,0,1
762,RT @Hugoprsgugo: #2017LeDebat elle voulait jeter les craies ,Nan,2,2,1,0,0,1
763,RT @Hugoprsgugo: #2017LeDebat elle voulait jeter les craies ,Nan,2,2,1,0,0,1
764,"C bien que Macron est port√© plainte car Lepen a tout orchestr√©üò°!b√™te comme elle est ,elle en a parl√© √† la fin du d√©bat ! #2017LeDebat ",0,2,2,0,0,0,0
765,Je me demande ce que cette pourriture FN va encore inventer avant dimanche! Ca me fait penser √† la propagande nazi ‚ö†Ô∏èü§¢ #2017LeDebat ,0,2,2,2,1,1,0
766,"@MLP_officiel la porte-parole du ""vulgaire"". Le peuple dans ce sens , en effet... #2017LeDebat. #FN #Macron ",0,2,2,2,0,1,0
767,RT @Hugoprsgugo: #2017LeDebat elle voulait jeter les craies ,Nan,2,2,1,0,0,1
768,RT @Pti_Dgt: #2017LeDebat  C bien tristeüò≠üò≠üò≠ ,Nan,2,2,1,1,1,1
769,RT @Hugoprsgugo: #2017LeDebat elle voulait jeter les craies ,Nan,2,2,1,0,0,1
770,RT @Hugoprsgugo: #2017LeDebat elle voulait jeter les craies ,Nan,2,2,1,0,0,1
771,RT @Hugoprsgugo: #2017LeDebat elle voulait jeter les craies ,Nan,2,2,1,0,0,1
772,RT @Hugoprsgugo: #2017LeDebat elle voulait jeter les craies ,Nan,2,2,1,0,0,1
773,RT @Hugoprsgugo: #2017LeDebat elle voulait jeter les craies ,Nan,2,2,1,0,0,1
774,RT @Hugoprsgugo: #2017LeDebat elle voulait jeter les craies ,Nan,2,2,1,0,0,1
775,RT @Hugoprsgugo: #2017LeDebat elle voulait jeter les craies ,Nan,2,2,1,0,0,1
776,RT @Hugoprsgugo: #2017LeDebat elle voulait jeter les craies ,Nan,2,2,1,0,0,1
777,RT @Hugoprsgugo: #2017LeDebat elle voulait jeter les craies ,Nan,2,2,1,0,0,1
778,RT @Hugoprsgugo: #2017LeDebat elle voulait jeter les craies ,Nan,2,2,1,0,0,1
779,RT @Hugoprsgugo: #2017LeDebat elle voulait jeter les craies ,Nan,2,2,1,0,0,1
780,#2017LeDebat FEMME DU PEUPLE rends l'argent ! ,Nan,2,2,2,0,0,0
781,RT @Hugoprsgugo: #2017LeDebat elle voulait jeter les craies ,Nan,2,2,1,0,0,1
782,RT @Hugoprsgugo: #2017LeDebat elle voulait jeter les craies ,Nan,2,2,1,0,0,1
783,RT @Hugoprsgugo: #2017LeDebat elle voulait jeter les craies ,Nan,2,2,1,0,0,1
784,#2017LeDebat  C bien tristeüò≠üò≠üò≠ ,Nan,2,2,1,1,1,1
785,RT @Hugoprsgugo: #2017LeDebat elle voulait jeter les craies ,Nan,2,2,1,0,0,1
786,RT @Hugoprsgugo: #2017LeDebat elle voulait jeter les craies ,Nan,2,2,1,0,0,1
787,RT @Hugoprsgugo: #2017LeDebat elle voulait jeter les craies ,Nan,2,2,1,0,0,1
788,RT @Hugoprsgugo: #2017LeDebat elle voulait jeter les craies ,Nan,2,2,1,0,0,1
789,RT @Hugoprsgugo: #2017LeDebat elle voulait jeter les craies ,Nan,2,2,1,0,0,1
790,RT @Hugoprsgugo: #2017LeDebat elle voulait jeter les craies ,Nan,2,2,1,0,0,1
791,"@louis_aliot Des aveugles ou des sourds , donc ? #2017LeDebat #MLP ",0,2,2,2,0,0,0
792,RT @Hugoprsgugo: #2017LeDebat elle voulait jeter les craies ,Nan,2,2,1,0,0,1
793,RT @Hugoprsgugo: #2017LeDebat elle voulait jeter les craies ,Nan,2,2,1,0,0,1
794,RT @Hugoprsgugo: #2017LeDebat elle voulait jeter les craies ,Nan,2,2,1,0,0,1
795,RT @Hugoprsgugo: #2017LeDebat elle voulait jeter les craies ,Nan,2,2,1,0,0,1
796,RT @Hugoprsgugo: #2017LeDebat elle voulait jeter les craies ,Nan,2,2,1,0,0,1
797,RT @Hugoprsgugo: #2017LeDebat elle voulait jeter les craies ,Nan,2,2,1,0,0,1
798,RT @Hugoprsgugo: #2017LeDebat elle voulait jeter les craies ,Nan,2,2,1,0,0,1
799,Cherrrrre Mme Lepen hier Vous nous avez manqu√© de respect ! Nous avons des valeurs que vous n'aurez JAMAISüëå #2017LeDebat ,Nan,2,2,2,0,0,1
800,RT @Hugoprsgugo: #2017LeDebat elle voulait jeter les craies ,Nan,2,2,1,0,0,1
801,RT @Hugoprsgugo: #2017LeDebat elle voulait jeter les craies ,Nan,2,2,1,0,0,1
802,RT @Hugoprsgugo: #2017LeDebat elle voulait jeter les craies ,Nan,2,2,1,0,0,1
803,RT @Hugoprsgugo: #2017LeDebat elle voulait jeter les craies ,Nan,2,2,1,0,0,1
804,RT @Hugoprsgugo: #2017LeDebat elle voulait jeter les craies ,Nan,2,2,1,0,0,1
805,RT @Hugoprsgugo: #2017LeDebat elle voulait jeter les craies ,Nan,2,2,1,0,0,1
806,Je trouve que Macron a garder son calme face √† cette folle üëç ! au bout de 5 min j'avais envie de üëãüëãüëã#2017LeDebat ,Nan,2,2,2,0,0,1
807,RT @Hugoprsgugo: #2017LeDebat elle voulait jeter les craies ,Nan,2,2,1,0,0,1
808,"En un d√©bat , Mme Le Pen a gomm√© 5 ans d'apaisement et de ""d√©diabolisation"". #2017LeDebat ",Nan,2,2,2,1,0,1
809,RT @Hugoprsgugo: #2017LeDebat elle voulait jeter les craies ,Nan,2,2,1,0,0,1
810,RT @Hugoprsgugo: #2017LeDebat elle voulait jeter les craies ,Nan,2,2,1,0,0,1
811,RT @Hugoprsgugo: #2017LeDebat elle voulait jeter les craies ,Nan,2,2,1,0,0,1
812,RT @Hugoprsgugo: #2017LeDebat elle voulait jeter les craies ,Nan,2,2,1,0,0,1
813,RT @Hugoprsgugo: #2017LeDebat elle voulait jeter les craies ,Nan,2,2,1,0,0,1
814,RT @Hugoprsgugo: #2017LeDebat elle voulait jeter les craies ,Nan,2,2,1,0,0,1
815,RT @Hugoprsgugo: #2017LeDebat elle voulait jeter les craies ,Nan,2,2,1,0,0,1
816,Lepen femme du peuple ! Surtout pour son Fric! #2017LeDebat ,Nan,2,2,2,0,0,0
817,RT @Hugoprsgugo: #2017LeDebat elle voulait jeter les craies ,Nan,2,2,1,0,0,1
818,RT @Hugoprsgugo: #2017LeDebat elle voulait jeter les craies ,Nan,2,2,1,0,0,1
819,RT @Hugoprsgugo: #2017LeDebat elle voulait jeter les craies ,Nan,2,2,1,0,0,1
820,Coucou t o√π ? #2017LeDebat ,Nan,2,2,2,0,0,1
821,RT @Pti_Dgt: #2017LeDebat Il faut √©teindre le feuüòÉüòÉüòÉ ,Nan,2,2,2,0,1,0
822,#2017LeDebat Il faut √©teindre le feuüòÉüòÉüòÉ ,Nan,2,2,2,0,1,0
823,RT @Hugoprsgugo: #2017LeDebat elle voulait jeter les craies ,Nan,2,2,1,0,0,1
824,#2017LeDebat Les m√™mes ! ,Nan,2,2,2,0,1,0
825,RT @Hugoprsgugo: #2017LeDebat elle voulait jeter les craies ,Nan,2,2,1,0,0,1
826,Attention montage contre Macron! #2017LeDebat ,0,2,2,2,0,0,1
827,RT @Hugoprsgugo: #2017LeDebat elle voulait jeter les craies ,Nan,2,2,1,0,0,1
828,"""Arr√™tez Madame Le Pen de dire des b√™tises."" Bravo √† #Macron pour avoir su se contenir , contrairement √† #MachineLaPeine.
#2017LeDebat ",0,2,2,2,0,0,0
829,RT @Hugoprsgugo: #2017LeDebat elle voulait jeter les craies ,Nan,2,2,1,0,0,1
830,RT @Hugoprsgugo: #2017LeDebat elle voulait jeter les craies ,Nan,2,2,1,0,0,1
831,RT @Hugoprsgugo: #2017LeDebat elle voulait jeter les craies ,Nan,2,2,1,0,0,1
832,RT @Hugoprsgugo: #2017LeDebat elle voulait jeter les craies ,Nan,2,2,1,0,0,1
833,RT @Hugoprsgugo: #2017LeDebat elle voulait jeter les craies ,Nan,2,2,1,0,0,1
834,RT @Hugoprsgugo: #2017LeDebat elle voulait jeter les craies ,Nan,2,2,1,0,0,1
835,RT @Hugoprsgugo: #2017LeDebat elle voulait jeter les craies ,Nan,2,2,1,0,0,1
836,RT @Hugoprsgugo: #2017LeDebat elle voulait jeter les craies ,Nan,2,2,1,0,0,1
837,"RT @Andecave: #MarineLePen pr√©tend avoir incarn√© le peuple dans #2017LeDebat.
Elle s'en fait donc une tr√®s mauvaise opinion...
#ridicule #v‚Ä¶ ",0,2,2,2,0,0,0
838,RT @Hugoprsgugo: #2017LeDebat elle voulait jeter les craies ,Nan,2,2,1,0,0,1
839,RT @Hugoprsgugo: #2017LeDebat elle voulait jeter les craies ,Nan,2,2,1,0,0,1
840,"RT @AmLaDit: Apr√®s avoir vu le #2017LeDebat , le #PrincePhilip a d√©cid√© de prendre sa retraite üôà  ",Nan,2,2,2,0,0,0
841,"Apr√®s avoir vu le #2017LeDebat , le #PrincePhilip a d√©cid√© de prendre sa retraite üôà  ",Nan,2,2,2,0,0,0
842,RT @Hugoprsgugo: #2017LeDebat elle voulait jeter les craies ,Nan,2,2,1,0,0,1
843,RT @Hugoprsgugo: #2017LeDebat elle voulait jeter les craies ,Nan,2,2,1,0,0,1
844,"#MarineLePen pr√©tend avoir incarn√© le peuple dans #2017LeDebat.
Elle s'en fait donc une tr√®s mauvaise opinion...
#ridicule #vulgaire ",0,2,2,2,0,0,0
845,RT @Hugoprsgugo: #2017LeDebat elle voulait jeter les craies ,Nan,2,2,1,0,0,1
846,RT @Hugoprsgugo: #2017LeDebat elle voulait jeter les craies ,Nan,2,2,1,0,0,1
847,RT @Hugoprsgugo: #2017LeDebat elle voulait jeter les craies ,Nan,2,2,1,0,0,1
848,RT @Hugoprsgugo: #2017LeDebat elle voulait jeter les craies ,Nan,2,2,1,0,0,1
849,RT @Hugoprsgugo: #2017LeDebat elle voulait jeter les craies ,Nan,2,2,1,0,0,1
850,RT @Hugoprsgugo: #2017LeDebat elle voulait jeter les craies ,Nan,2,2,1,0,0,1
851,RT @Hugoprsgugo: #2017LeDebat elle voulait jeter les craies ,Nan,2,2,1,0,0,1
852,RT @Hugoprsgugo: #2017LeDebat elle voulait jeter les craies ,Nan,2,2,1,0,0,1
853,RT @Hugoprsgugo: #2017LeDebat elle voulait jeter les craies ,Nan,2,2,1,0,0,1
854,RT @Hugoprsgugo: #2017LeDebat elle voulait jeter les craies ,Nan,2,2,1,0,0,1
855,RT @Hugoprsgugo: #2017LeDebat elle voulait jeter les craies ,Nan,2,2,1,0,0,1
856,RT @Hugoprsgugo: #2017LeDebat elle voulait jeter les craies ,Nan,2,2,1,0,0,1
857,RT @Hugoprsgugo: #2017LeDebat elle voulait jeter les craies ,Nan,2,2,1,0,0,1
858,RT @Hugoprsgugo: #2017LeDebat elle voulait jeter les craies ,Nan,2,2,1,0,0,1
859,RT @Hugoprsgugo: #2017LeDebat elle voulait jeter les craies ,Nan,2,2,1,0,0,1
860,RT @Hugoprsgugo: #2017LeDebat elle voulait jeter les craies ,Nan,2,2,1,0,0,1
861,RT @Hugoprsgugo: #2017LeDebat elle voulait jeter les craies ,Nan,2,2,1,0,0,1
862,RT @Hugoprsgugo: #2017LeDebat elle voulait jeter les craies ,Nan,2,2,1,0,0,1
863,RT @Hugoprsgugo: #2017LeDebat elle voulait jeter les craies ,Nan,2,2,1,0,0,1
864,RT @Hugoprsgugo: #2017LeDebat elle voulait jeter les craies ,Nan,2,2,1,0,0,1
865,RT @Hugoprsgugo: #2017LeDebat elle voulait jeter les craies ,Nan,2,2,1,0,0,1
866,RT @Hugoprsgugo: #2017LeDebat elle voulait jeter les craies ,Nan,2,2,1,0,0,1
867,RT @Hugoprsgugo: #2017LeDebat elle voulait jeter les craies ,Nan,2,2,1,0,0,1
868,RT @Hugoprsgugo: #2017LeDebat elle voulait jeter les craies ,Nan,2,2,1,0,0,1
869,RT @Hugoprsgugo: #2017LeDebat elle voulait jeter les craies ,Nan,2,2,1,0,0,1
870,RT @Hugoprsgugo: #2017LeDebat elle voulait jeter les craies ,Nan,2,2,1,0,0,1
871,RT @Hugoprsgugo: #2017LeDebat elle voulait jeter les craies ,Nan,2,2,1,0,0,1
872,RT @Hugoprsgugo: #2017LeDebat elle voulait jeter les craies ,Nan,2,2,1,0,0,1
873,RT @Hugoprsgugo: #2017LeDebat elle voulait jeter les craies ,Nan,2,2,1,0,0,1
874,RT @Hugoprsgugo: #2017LeDebat elle voulait jeter les craies ,Nan,2,2,1,0,0,1
875,RT @Hugoprsgugo: #2017LeDebat elle voulait jeter les craies ,Nan,2,2,1,0,0,1
876,RT @Hugoprsgugo: #2017LeDebat elle voulait jeter les craies ,Nan,2,2,1,0,0,1
877,RT @Hugoprsgugo: #2017LeDebat elle voulait jeter les craies ,Nan,2,2,1,0,0,1
878,RT @Hugoprsgugo: #2017LeDebat elle voulait jeter les craies ,Nan,2,2,1,0,0,1
879,RT @Hugoprsgugo: #2017LeDebat elle voulait jeter les craies ,Nan,2,2,1,0,0,1
880,RT @Hugoprsgugo: #2017LeDebat elle voulait jeter les craies ,Nan,2,2,1,0,0,1
881,RT @Hugoprsgugo: #2017LeDebat elle voulait jeter les craies ,Nan,2,2,1,0,0,1
882,RT @Hugoprsgugo: #2017LeDebat elle voulait jeter les craies ,Nan,2,2,1,0,0,1
883,RT @Hugoprsgugo: #2017LeDebat elle voulait jeter les craies ,Nan,2,2,1,0,0,1
884,RT @Hugoprsgugo: #2017LeDebat elle voulait jeter les craies ,Nan,2,2,1,0,0,1
885,RT @Hugoprsgugo: #2017LeDebat elle voulait jeter les craies ,Nan,2,2,1,0,0,1
886,RT @Hugoprsgugo: #2017LeDebat elle voulait jeter les craies ,Nan,2,2,1,0,0,1
887,RT @Hugoprsgugo: #2017LeDebat elle voulait jeter les craies ,Nan,2,2,1,0,0,1
888,RT @Hugoprsgugo: #2017LeDebat elle voulait jeter les craies ,Nan,2,2,1,0,0,1
889,RT @Hugoprsgugo: #2017LeDebat elle voulait jeter les craies ,Nan,2,2,1,0,0,1
890,RT @Hugoprsgugo: #2017LeDebat elle voulait jeter les craies ,Nan,2,2,1,0,0,1
891,RT @Hugoprsgugo: #2017LeDebat elle voulait jeter les craies ,Nan,2,2,1,0,0,1
892,RT @Hugoprsgugo: #2017LeDebat elle voulait jeter les craies ,Nan,2,2,1,0,0,1
893,RT @Hugoprsgugo: #2017LeDebat elle voulait jeter les craies ,Nan,2,2,1,0,0,1
894,RT @Hugoprsgugo: #2017LeDebat elle voulait jeter les craies ,Nan,2,2,1,0,0,1
895,"@BFMTV Tournure euph√©mique de rattrapage , comme ""clin d'≈ìil"" pour ""plagiat""... #2017LeDebat #mlp ",1,2,2,2,1,0,0
896,RT @Hugoprsgugo: #2017LeDebat elle voulait jeter les craies ,Nan,2,2,1,0,0,1
897,"Nicolas Hulot devrait reprendre Ushuaia et arreter de nous culpabiliser.
#jaimemon4√ó4
#2017LeDebat ",Nan,2,2,2,0,0,0
898,RT @Hugoprsgugo: #2017LeDebat elle voulait jeter les craies ,Nan,2,2,1,0,0,1
899,RT @Hugoprsgugo: #2017LeDebat elle voulait jeter les craies ,Nan,2,2,1,0,0,1
900,RT @Hugoprsgugo: #2017LeDebat elle voulait jeter les craies ,Nan,2,2,1,0,0,1
901,RT @Hugoprsgugo: #2017LeDebat elle voulait jeter les craies ,Nan,2,2,1,0,0,1
902,RT @Hugoprsgugo: #2017LeDebat elle voulait jeter les craies ,Nan,2,2,1,0,0,1
903,RT @Hugoprsgugo: #2017LeDebat elle voulait jeter les craies ,Nan,2,2,1,0,0,1
904,RT @Hugoprsgugo: #2017LeDebat elle voulait jeter les craies ,Nan,2,2,1,0,0,1
905,RT @Hugoprsgugo: #2017LeDebat elle voulait jeter les craies ,Nan,2,2,1,0,0,1
906,RT @Hugoprsgugo: #2017LeDebat elle voulait jeter les craies ,Nan,2,2,1,0,0,1
907,RT @Hugoprsgugo: #2017LeDebat elle voulait jeter les craies ,Nan,2,2,1,0,0,1
908,RT @Hugoprsgugo: #2017LeDebat elle voulait jeter les craies ,Nan,2,2,1,0,0,1
909,RT @AlexandreP_FAGE: Quand MLP parle des associations elle oublie que son partie ≈ìuvre √† les tuer ds les communes qu'ils dirigent #RepuRepl‚Ä¶ ,Nan,2,2,0,0,0,0
910,RT @Hugoprsgugo: #2017LeDebat elle voulait jeter les craies ,Nan,2,2,1,0,0,1
911,RT @Hugoprsgugo: #2017LeDebat elle voulait jeter les craies ,Nan,2,2,1,0,0,1
912,RT @Hugoprsgugo: #2017LeDebat elle voulait jeter les craies ,Nan,2,2,1,0,0,1
913,RT @Hugoprsgugo: #2017LeDebat elle voulait jeter les craies ,Nan,2,2,1,0,0,1
914,RT @Hugoprsgugo: #2017LeDebat elle voulait jeter les craies ,Nan,2,2,1,0,0,1
915,RT @Hugoprsgugo: #2017LeDebat elle voulait jeter les craies ,Nan,2,2,1,0,0,1
916,RT @Hugoprsgugo: #2017LeDebat elle voulait jeter les craies ,Nan,2,2,1,0,0,1
917,RT @Hugoprsgugo: #2017LeDebat elle voulait jeter les craies ,Nan,2,2,1,0,0,1
918,RT @Hugoprsgugo: #2017LeDebat elle voulait jeter les craies ,Nan,2,2,1,0,0,1
919,RT @Hugoprsgugo: #2017LeDebat elle voulait jeter les craies ,Nan,2,2,1,0,0,1
920,RT @Hugoprsgugo: #2017LeDebat elle voulait jeter les craies ,Nan,2,2,1,0,0,1
921,RT @Hugoprsgugo: #2017LeDebat elle voulait jeter les craies ,Nan,2,2,1,0,0,1
922,RT @Hugoprsgugo: #2017LeDebat elle voulait jeter les craies ,Nan,2,2,1,0,0,1
923,RT @Hugoprsgugo: #2017LeDebat elle voulait jeter les craies ,Nan,2,2,1,0,0,1
924,RT @Hugoprsgugo: #2017LeDebat elle voulait jeter les craies ,Nan,2,2,1,0,0,1
925,RT @Hugoprsgugo: #2017LeDebat elle voulait jeter les craies ,Nan,2,2,1,0,0,1
926,RT @Hugoprsgugo: #2017LeDebat elle voulait jeter les craies ,Nan,2,2,1,0,0,1
927,RT @Hugoprsgugo: #2017LeDebat elle voulait jeter les craies ,Nan,2,2,1,0,0,1
928,RT @Hugoprsgugo: #2017LeDebat elle voulait jeter les craies ,Nan,2,2,1,0,0,1
929,RT @AlexandreP_FAGE: Quand MLP parle des associations elle oublie que son partie ≈ìuvre √† les tuer ds les communes qu'ils dirigent #RepuRepl‚Ä¶ ,Nan,2,2,0,0,0,0
930,RT @Hugoprsgugo: #2017LeDebat elle voulait jeter les craies ,Nan,2,2,1,0,0,1
931,RT @Hugoprsgugo: #2017LeDebat elle voulait jeter les craies ,Nan,2,2,1,0,0,1
932,RT @Hugoprsgugo: #2017LeDebat elle voulait jeter les craies ,Nan,2,2,1,0,0,1
933,RT @Hugoprsgugo: #2017LeDebat elle voulait jeter les craies ,Nan,2,2,1,0,0,1
934,RT @Hugoprsgugo: #2017LeDebat elle voulait jeter les craies ,Nan,2,2,1,0,0,1
935,RT @Hugoprsgugo: #2017LeDebat elle voulait jeter les craies ,Nan,2,2,1,0,0,1
936,RT @Hugoprsgugo: #2017LeDebat elle voulait jeter les craies ,Nan,2,2,1,0,0,1
937,RT @Hugoprsgugo: #2017LeDebat elle voulait jeter les craies ,Nan,2,2,1,0,0,1
938,RT @Hugoprsgugo: #2017LeDebat elle voulait jeter les craies ,Nan,2,2,1,0,0,1
939,RT @Hugoprsgugo: #2017LeDebat elle voulait jeter les craies ,Nan,2,2,1,0,0,1
940,RT @Hugoprsgugo: #2017LeDebat elle voulait jeter les craies ,Nan,2,2,1,0,0,1
941,"RT @MPERDEREAU: Pendant des ann√©es #LePen a travaill√© sa d√©diabolisation. Tt √ßa pr rien , hier elle √©tait bien la candidate de l'extr√™me-dro‚Ä¶ ",1,2,2,2,1,1,1
942,RT @Hugoprsgugo: #2017LeDebat elle voulait jeter les craies ,Nan,2,2,1,0,0,1
943,RT @Hugoprsgugo: #2017LeDebat elle voulait jeter les craies ,Nan,2,2,1,0,0,1
944,RT @Hugoprsgugo: #2017LeDebat elle voulait jeter les craies ,Nan,2,2,1,0,0,1
945,RT @Hugoprsgugo: #2017LeDebat elle voulait jeter les craies ,Nan,2,2,1,0,0,1
946,RT @Hugoprsgugo: #2017LeDebat elle voulait jeter les craies ,Nan,2,2,1,0,0,1
947,RT @Hugoprsgugo: #2017LeDebat elle voulait jeter les craies ,Nan,2,2,1,0,0,1
948,RT @Hugoprsgugo: #2017LeDebat elle voulait jeter les craies ,Nan,2,2,1,0,0,1
949,RT @Hugoprsgugo: #2017LeDebat elle voulait jeter les craies ,Nan,2,2,1,0,0,1
950,RT @Hugoprsgugo: #2017LeDebat elle voulait jeter les craies ,Nan,2,2,1,0,0,1
951,RT @Hugoprsgugo: #2017LeDebat elle voulait jeter les craies ,Nan,2,2,1,0,0,1
952,RT @Hugoprsgugo: #2017LeDebat elle voulait jeter les craies ,Nan,2,2,1,0,0,1
953,RT @Hugoprsgugo: #2017LeDebat elle voulait jeter les craies ,Nan,2,2,1,0,0,1
954,RT @Hugoprsgugo: #2017LeDebat elle voulait jeter les craies ,Nan,2,2,1,0,0,1
955,RT @Hugoprsgugo: #2017LeDebat elle voulait jeter les craies ,Nan,2,2,1,0,0,1
956,RT @Hugoprsgugo: #2017LeDebat elle voulait jeter les craies ,Nan,2,2,1,0,0,1
957,RT @Hugoprsgugo: #2017LeDebat elle voulait jeter les craies ,Nan,2,2,1,0,0,1
958,RT @Hugoprsgugo: #2017LeDebat elle voulait jeter les craies ,Nan,2,2,1,0,0,1
959,RT @Hugoprsgugo: #2017LeDebat elle voulait jeter les craies ,Nan,2,2,1,0,0,1
960,RT @Hugoprsgugo: #2017LeDebat elle voulait jeter les craies ,Nan,2,2,1,0,0,1
961,RT @Hugoprsgugo: #2017LeDebat elle voulait jeter les craies ,Nan,2,2,1,0,0,1
962,RT @Hugoprsgugo: #2017LeDebat elle voulait jeter les craies ,Nan,2,2,1,0,0,1
963,RT @Hugoprsgugo: #2017LeDebat elle voulait jeter les craies ,Nan,2,2,1,0,0,1
964,RT @Pti_Dgt: #Debat2017 Cette femme n'aurait jamais d√ª arriv√©e √† ce stade de la pr√©sidentielle! INCOMP√âTENCE HAINE ... influences/mensongeü§¢‚Ä¶ ,0,2,2,2,0,1,0
965,RT @Hugoprsgugo: #2017LeDebat elle voulait jeter les craies ,Nan,2,2,1,0,0,1
966,RT @Hugoprsgugo: #2017LeDebat elle voulait jeter les craies ,Nan,2,2,1,0,0,1
967,RT @Hugoprsgugo: #2017LeDebat elle voulait jeter les craies ,Nan,2,2,1,0,0,1
968,RT @Hugoprsgugo: #2017LeDebat elle voulait jeter les craies ,Nan,2,2,1,0,0,1
969,RT @Hugoprsgugo: #2017LeDebat elle voulait jeter les craies ,Nan,2,2,1,0,0,1
970,#Debat2017 Cette femme n'aurait jamais d√ª arriv√©e √† ce stade de la pr√©sidentielle! INCOMP√âTENCE HAINE ... influences/mensongeü§¢#2017LeDebat ,0,2,2,2,0,1,0
971,RT @Hugoprsgugo: #2017LeDebat elle voulait jeter les craies ,Nan,2,2,1,0,0,1
972,RT @Hugoprsgugo: #2017LeDebat elle voulait jeter les craies ,Nan,2,2,1,0,0,1
973,RT @Hugoprsgugo: #2017LeDebat elle voulait jeter les craies ,Nan,2,2,1,0,0,1
974,RT @Hugoprsgugo: #2017LeDebat elle voulait jeter les craies ,Nan,2,2,1,0,0,1
975,RT @Hugoprsgugo: #2017LeDebat elle voulait jeter les craies ,Nan,2,2,1,0,0,1
976,RT @Hugoprsgugo: #2017LeDebat elle voulait jeter les craies ,Nan,2,2,1,0,0,1
977,RT @Hugoprsgugo: #2017LeDebat elle voulait jeter les craies ,Nan,2,2,1,0,0,1
978,RT @Hugoprsgugo: #2017LeDebat elle voulait jeter les craies ,Nan,2,2,1,0,0,1
979,RT @Hugoprsgugo: #2017LeDebat elle voulait jeter les craies ,Nan,2,2,1,0,0,1
980,RT @Hugoprsgugo: #2017LeDebat elle voulait jeter les craies ,Nan,2,2,1,0,0,1
981,RT @Hugoprsgugo: #2017LeDebat elle voulait jeter les craies ,Nan,2,2,1,0,0,1
982,RT @Hugoprsgugo: #2017LeDebat elle voulait jeter les craies ,Nan,2,2,1,0,0,1
983,RT @Hugoprsgugo: #2017LeDebat elle voulait jeter les craies ,Nan,2,2,1,0,0,1
984,RT @Hugoprsgugo: #2017LeDebat elle voulait jeter les craies ,Nan,2,2,1,0,0,1
985,RT @Hugoprsgugo: #2017LeDebat elle voulait jeter les craies ,Nan,2,2,1,0,0,1
986,RT @Hugoprsgugo: #2017LeDebat elle voulait jeter les craies ,Nan,2,2,1,0,0,1
987,RT @Hugoprsgugo: #2017LeDebat elle voulait jeter les craies ,Nan,2,2,1,0,0,1
988,RT @Hugoprsgugo: #2017LeDebat elle voulait jeter les craies ,Nan,2,2,1,0,0,1
989,RT @Hugoprsgugo: #2017LeDebat elle voulait jeter les craies ,Nan,2,2,1,0,0,1
990,RT @Hugoprsgugo: #2017LeDebat elle voulait jeter les craies ,Nan,2,2,1,0,0,1
991,RT @Hugoprsgugo: #2017LeDebat elle voulait jeter les craies ,Nan,2,2,1,0,0,1
992,"RT @Traitsdespritco: 15 dessins pour r√©sumer #2017LeDebat 
#UnBonDessinVautParfoisMieuxQuUnLongDiscours
 ",Nan,2,2,2,0,0,1
993,RT @Hugoprsgugo: #2017LeDebat elle voulait jeter les craies ,Nan,2,2,1,0,0,1
994,RT @Hugoprsgugo: #2017LeDebat elle voulait jeter les craies ,Nan,2,2,1,0,0,1
995,RT @Hugoprsgugo: #2017LeDebat elle voulait jeter les craies ,Nan,2,2,1,0,0,1
996,RT @Hugoprsgugo: #2017LeDebat elle voulait jeter les craies ,Nan,2,2,1,0,0,1
997,"RT @MPERDEREAU: Pendant des ann√©es #LePen a travaill√© sa d√©diabolisation. Tt √ßa pr rien , hier elle √©tait bien la candidate de l'extr√™me-dro‚Ä¶ ",1,2,2,2,1,1,1
998,"RT @MPERDEREAU: Pendant des ann√©es #LePen a travaill√© sa d√©diabolisation. Tt √ßa pr rien , hier elle √©tait bien la candidate de l'extr√™me-dro‚Ä¶ ",1,2,2,2,1,1,1
999,RT @Hugoprsgugo: #2017LeDebat elle voulait jeter les craies ,Nan,2,2,1,0,0,1
