,text,lsvc,knn,mnb,lsvc_bin,knn_bin,mnb_bin,entities,candidate,dic_rounded,media_tri,media_bin,total
0,RT @Dekrypt_Off: La meilleure image du #2017LeDebat ,1,2,1,1,0,1,None,None,Nan,1,1,1
1,RT @Hugoprsgugo: #2017LeDebat elle voulait jeter les craies ,2,2,1,0,0,1,None,None,Nan,2,0,Neu
2,"RT @Maririek14: Lepen la grande illusionniste .. aucun programme . ,elle n'a rien dit sauf un tissu de mensonge et de haine #2017LeDébat #ma… ",2,2,2,0,0,0,Lepen,LePen,0,2,0,0
3,RT @Dekrypt_Off: La meilleure image du #2017LeDebat ,1,2,1,1,0,1,None,None,Nan,1,1,1
4,RT @Hugoprsgugo: #2017LeDebat elle voulait jeter les craies ,2,2,1,0,0,1,None,None,Nan,2,0,Neu
5,RT @Hugoprsgugo: #2017LeDebat elle voulait jeter les craies ,2,2,1,0,0,1,,,Nan,2,0,Neu
6,RT @Hugoprsgugo: #2017LeDebat elle voulait jeter les craies ,2,2,1,0,0,1,,,Nan,2,0,Neu
7,RT @Hugoprsgugo: #2017LeDebat elle voulait jeter les craies ,2,2,1,0,0,1,,,Nan,2,0,Neu
8,RT @Hugoprsgugo: #2017LeDebat elle voulait jeter les craies ,2,2,1,0,0,1,,,Nan,2,0,Neu
9,RT @Hugoprsgugo: #2017LeDebat elle voulait jeter les craies ,2,2,1,0,0,1,,,Nan,2,0,Neu
10,RT @Dekrypt_Off: La meilleure image du #2017LeDebat ,1,2,1,1,0,1,,,Nan,1,1,1
11,RT @Dekrypt_Off: La meilleure image du #2017LeDebat ,1,2,1,1,0,1,,,Nan,1,1,1
12,RT @Hugoprsgugo: #2017LeDebat elle voulait jeter les craies ,2,2,1,0,0,1,,,Nan,2,0,Neu
13,RT @Hugoprsgugo: #2017LeDebat elle voulait jeter les craies ,2,2,1,0,0,1,,,Nan,2,0,Neu
14,RT @Hugoprsgugo: #2017LeDebat elle voulait jeter les craies ,2,2,1,0,0,1,,,Nan,2,0,Neu
15,RT @Hugoprsgugo: #2017LeDebat elle voulait jeter les craies ,2,2,1,0,0,1,,,Nan,2,0,Neu
16,RT @Hugoprsgugo: #2017LeDebat elle voulait jeter les craies ,2,2,1,0,0,1,,,Nan,2,0,Neu
17,RT @Hugoprsgugo: #2017LeDebat elle voulait jeter les craies ,2,2,1,0,0,1,,,Nan,2,0,Neu
18,RT @Hugoprsgugo: #2017LeDebat elle voulait jeter les craies ,2,2,1,0,0,1,,,Nan,2,0,Neu
19,RT @Hugoprsgugo: #2017LeDebat elle voulait jeter les craies ,2,2,1,0,0,1,,,Nan,2,0,Neu
20,RT @Hugoprsgugo: #2017LeDebat elle voulait jeter les craies ,2,2,1,0,0,1,,,Nan,2,0,Neu
21,RT @Hugoprsgugo: #2017LeDebat elle voulait jeter les craies ,2,2,1,0,0,1,,,Nan,2,0,Neu
22,RT @Hugoprsgugo: #2017LeDebat elle voulait jeter les craies ,2,2,1,0,0,1,,,Nan,2,0,Neu
23,RT @Dekrypt_Off: La meilleure image du #2017LeDebat ,1,2,1,1,0,1,,,Nan,1,1,1
24,RT @Hugoprsgugo: #2017LeDebat elle voulait jeter les craies ,2,2,1,0,0,1,,,Nan,2,0,Neu
25,RT @Hugoprsgugo: #2017LeDebat elle voulait jeter les craies ,2,2,1,0,0,1,,,Nan,2,0,Neu
26,RT @Hugoprsgugo: #2017LeDebat elle voulait jeter les craies ,2,2,1,0,0,1,,,Nan,2,0,Neu
27,RT @Dekrypt_Off: La meilleure image du #2017LeDebat ,1,2,1,1,0,1,,,Nan,1,1,1
28,RT @Dekrypt_Off: La meilleure image du #2017LeDebat ,1,2,1,1,0,1,,,Nan,1,1,1
29,RT @Hugoprsgugo: #2017LeDebat elle voulait jeter les craies ,2,2,1,0,0,1,,,Nan,2,0,Neu
30,RT @Hugoprsgugo: #2017LeDebat elle voulait jeter les craies ,2,2,1,0,0,1,,,Nan,2,0,Neu
31,RT @Hugoprsgugo: #2017LeDebat elle voulait jeter les craies ,2,2,1,0,0,1,,,Nan,2,0,Neu
32,RT @Hugoprsgugo: #2017LeDebat elle voulait jeter les craies ,2,2,1,0,0,1,,,Nan,2,0,Neu
33,RT @Hugoprsgugo: #2017LeDebat elle voulait jeter les craies ,2,2,1,0,0,1,,,Nan,2,0,Neu
34,RT @Hugoprsgugo: #2017LeDebat elle voulait jeter les craies ,2,2,1,0,0,1,,,Nan,2,0,Neu
35,"RT @LivetSarah: Le Pen parle de ton programme , de ce que tu proposes non? Au lieu d'enfouir Macron sous tes attaques et de fuir les questio… ",2,2,0,0,0,0,,,0,1,0,0
36,RT @Hugoprsgugo: #2017LeDebat elle voulait jeter les craies ,2,2,1,0,0,1,,,Nan,2,0,Neu
37,RT @Hugoprsgugo: #2017LeDebat elle voulait jeter les craies ,2,2,1,0,0,1,,,Nan,2,0,Neu
38,RT @Dekrypt_Off: La meilleure image du #2017LeDebat ,1,2,1,1,0,1,,,Nan,1,1,1
39,RT @Dekrypt_Off: La meilleure image du #2017LeDebat ,1,2,1,1,0,1,,,Nan,1,1,1
40,RT @Hugoprsgugo: #2017LeDebat elle voulait jeter les craies ,2,2,1,0,0,1,,,Nan,2,0,Neu
41,RT @Hugoprsgugo: #2017LeDebat elle voulait jeter les craies ,2,2,1,0,0,1,,,Nan,2,0,Neu
42,RT @Hugoprsgugo: #2017LeDebat elle voulait jeter les craies ,2,2,1,0,0,1,,,Nan,2,0,Neu
43,RT @Dekrypt_Off: La meilleure image du #2017LeDebat ,1,2,1,1,0,1,,,Nan,1,1,1
44,RT @Hugoprsgugo: #2017LeDebat elle voulait jeter les craies ,2,2,1,0,0,1,,,Nan,2,0,Neu
45,RT @Dekrypt_Off: La meilleure image du #2017LeDebat ,1,2,1,1,0,1,,,Nan,1,1,1
46,RT @Hugoprsgugo: #2017LeDebat elle voulait jeter les craies ,2,2,1,0,0,1,,,Nan,2,0,Neu
47,RT @Hugoprsgugo: #2017LeDebat elle voulait jeter les craies ,2,2,1,0,0,1,,,Nan,2,0,Neu
48,RT @Hugoprsgugo: #2017LeDebat elle voulait jeter les craies ,2,2,1,0,0,1,,,Nan,2,0,Neu
49,RT @Hugoprsgugo: #2017LeDebat elle voulait jeter les craies ,2,2,1,0,0,1,,,Nan,2,0,Neu
50,RT @Hugoprsgugo: #2017LeDebat elle voulait jeter les craies ,2,2,1,0,0,1,,,Nan,2,0,Neu
51,RT @Hugoprsgugo: #2017LeDebat elle voulait jeter les craies ,2,2,1,0,0,1,,,Nan,2,0,Neu
52,RT @Hugoprsgugo: #2017LeDebat elle voulait jeter les craies ,2,2,1,0,0,1,,,Nan,2,0,Neu
53,RT @Dekrypt_Off: La meilleure image du #2017LeDebat ,1,2,1,1,0,1,,,Nan,1,1,1
54,RT @Hugoprsgugo: #2017LeDebat elle voulait jeter les craies ,2,2,1,0,0,1,,,Nan,2,0,Neu
55,RT @Hugoprsgugo: #2017LeDebat elle voulait jeter les craies ,2,2,1,0,0,1,,,Nan,2,0,Neu
56,RT @Hugoprsgugo: #2017LeDebat elle voulait jeter les craies ,2,2,1,0,0,1,,,Nan,2,0,Neu
57,RT @Hugoprsgugo: #2017LeDebat elle voulait jeter les craies ,2,2,1,0,0,1,,,Nan,2,0,Neu
58,RT @Hugoprsgugo: #2017LeDebat elle voulait jeter les craies ,2,2,1,0,0,1,,,Nan,2,0,Neu
59,RT @Dekrypt_Off: La meilleure image du #2017LeDebat ,1,2,1,1,0,1,,,Nan,1,1,1
60,RT @Hugoprsgugo: #2017LeDebat elle voulait jeter les craies ,2,2,1,0,0,1,,,Nan,2,0,Neu
61,RT @Dekrypt_Off: La meilleure image du #2017LeDebat ,1,2,1,1,0,1,,,Nan,1,1,1
62,RT @Hugoprsgugo: #2017LeDebat elle voulait jeter les craies ,2,2,1,0,0,1,,,Nan,2,0,Neu
63,"RT @Harouban: ""-Pk tu men
-Je men pa
-Mé si
-Mé non
-Tg jé réson
-Mé non""
............
#2017LeDebat ",2,2,2,0,0,0,,,1,2,0,Neu
64,RT @Hugoprsgugo: #2017LeDebat elle voulait jeter les craies ,2,2,1,0,0,1,,,Nan,2,0,Neu
65,RT @Dekrypt_Off: La meilleure image du #2017LeDebat ,1,2,1,1,0,1,,,Nan,1,1,1
66,RT @Hugoprsgugo: #2017LeDebat elle voulait jeter les craies ,2,2,1,0,0,1,,,Nan,2,0,Neu
67,RT @Hugoprsgugo: #2017LeDebat elle voulait jeter les craies ,2,2,1,0,0,1,,,Nan,2,0,Neu
68,RT @Hugoprsgugo: #2017LeDebat elle voulait jeter les craies ,2,2,1,0,0,1,,,Nan,2,0,Neu
69,RT @Hugoprsgugo: #2017LeDebat elle voulait jeter les craies ,2,2,1,0,0,1,,,Nan,2,0,Neu
70,"RT @Harouban: ""-Pk tu men
-Je men pa
-Mé si
-Mé non
-Tg jé réson
-Mé non""
............
#2017LeDebat ",2,2,2,0,0,0,,,1,2,0,Neu
71,RT @Hugoprsgugo: #2017LeDebat elle voulait jeter les craies ,2,2,1,0,0,1,,,Nan,2,0,Neu
72,RT @Hugoprsgugo: #2017LeDebat elle voulait jeter les craies ,2,2,1,0,0,1,,,Nan,2,0,Neu
73,RT @Hugoprsgugo: #2017LeDebat elle voulait jeter les craies ,2,2,1,0,0,1,,,Nan,2,0,Neu
74,RT @Hugoprsgugo: #2017LeDebat elle voulait jeter les craies ,2,2,1,0,0,1,,,Nan,2,0,Neu
75,RT @Hugoprsgugo: #2017LeDebat elle voulait jeter les craies ,2,2,1,0,0,1,,,Nan,2,0,Neu
76,RT @Hugoprsgugo: #2017LeDebat elle voulait jeter les craies ,2,2,1,0,0,1,,,Nan,2,0,Neu
77,RT @Hugoprsgugo: #2017LeDebat elle voulait jeter les craies ,2,2,1,0,0,1,,,Nan,2,0,Neu
78,RT @Hugoprsgugo: #2017LeDebat elle voulait jeter les craies ,2,2,1,0,0,1,,,Nan,2,0,Neu
79,RT @Hugoprsgugo: #2017LeDebat elle voulait jeter les craies ,2,2,1,0,0,1,,,Nan,2,0,Neu
80,RT @Hugoprsgugo: #2017LeDebat elle voulait jeter les craies ,2,2,1,0,0,1,,,Nan,2,0,Neu
81,RT @Hugoprsgugo: #2017LeDebat elle voulait jeter les craies ,2,2,1,0,0,1,,,Nan,2,0,Neu
82,RT @Hugoprsgugo: #2017LeDebat elle voulait jeter les craies ,2,2,1,0,0,1,,,Nan,2,0,Neu
83,RT @Hugoprsgugo: #2017LeDebat elle voulait jeter les craies ,2,2,1,0,0,1,,,Nan,2,0,Neu
84,RT @YanickToutain: @kassovitz1 Appelez plutôt au #FrontHumanocrate #1pour25 en devenant #déléguésrévocables en #humanocratie #panstitution… ,2,2,0,0,1,0,,,Nan,1,0,Neu
85,RT @Hugoprsgugo: #2017LeDebat elle voulait jeter les craies ,2,2,1,0,0,1,,,Nan,2,0,Neu
86,RT @Hugoprsgugo: #2017LeDebat elle voulait jeter les craies ,2,2,1,0,0,1,,,Nan,2,0,Neu
87,RT @Hugoprsgugo: #2017LeDebat elle voulait jeter les craies ,2,2,1,0,0,1,,,Nan,2,0,Neu
88,RT @Hugoprsgugo: #2017LeDebat elle voulait jeter les craies ,2,2,1,0,0,1,,,Nan,2,0,Neu
89,RT @Hugoprsgugo: #2017LeDebat elle voulait jeter les craies ,2,2,1,0,0,1,,,Nan,2,0,Neu
90,RT @Hugoprsgugo: #2017LeDebat elle voulait jeter les craies ,2,2,1,0,0,1,,,Nan,2,0,Neu
91,RT @Hugoprsgugo: #2017LeDebat elle voulait jeter les craies ,2,2,1,0,0,1,,,Nan,2,0,Neu
92,RT @Hugoprsgugo: #2017LeDebat elle voulait jeter les craies ,2,2,1,0,0,1,,,Nan,2,0,Neu
93,RT @Hugoprsgugo: #2017LeDebat elle voulait jeter les craies ,2,2,1,0,0,1,,,Nan,2,0,Neu
94,RT @Hugoprsgugo: #2017LeDebat elle voulait jeter les craies ,2,2,1,0,0,1,,,Nan,2,0,Neu
95,RT @Hugoprsgugo: #2017LeDebat elle voulait jeter les craies ,2,2,1,0,0,1,,,Nan,2,0,Neu
96,RT @Hugoprsgugo: #2017LeDebat elle voulait jeter les craies ,2,2,1,0,0,1,,,Nan,2,0,Neu
97,RT @Hugoprsgugo: #2017LeDebat elle voulait jeter les craies ,2,2,1,0,0,1,,,Nan,2,0,Neu
98,RT @Hugoprsgugo: #2017LeDebat elle voulait jeter les craies ,2,2,1,0,0,1,,,Nan,2,0,Neu
99,RT @Harouban: #2017LeDebat ,2,2,2,0,0,1,,,Nan,2,0,Neu
100,RT @Dekrypt_Off: La meilleure image du #2017LeDebat ,1,2,1,1,0,1,,,Nan,1,1,1
101,RT @Hugoprsgugo: #2017LeDebat elle voulait jeter les craies ,2,2,1,0,0,1,,,Nan,2,0,Neu
102,RT @Hugoprsgugo: #2017LeDebat elle voulait jeter les craies ,2,2,1,0,0,1,,,Nan,2,0,Neu
103,RT @Hugoprsgugo: #2017LeDebat elle voulait jeter les craies ,2,2,1,0,0,1,,,Nan,2,0,Neu
104,RT @Hugoprsgugo: #2017LeDebat elle voulait jeter les craies ,2,2,1,0,0,1,,,Nan,2,0,Neu
105,RT @Hugoprsgugo: #2017LeDebat elle voulait jeter les craies ,2,2,1,0,0,1,,,Nan,2,0,Neu
106,RT @Dekrypt_Off: La meilleure image du #2017LeDebat ,1,2,1,1,0,1,,,Nan,1,1,1
107,RT @Hugoprsgugo: #2017LeDebat elle voulait jeter les craies ,2,2,1,0,0,1,,,Nan,2,0,Neu
108,RT @Hugoprsgugo: #2017LeDebat elle voulait jeter les craies ,2,2,1,0,0,1,,,Nan,2,0,Neu
109,RT @Hugoprsgugo: #2017LeDebat elle voulait jeter les craies ,2,2,1,0,0,1,,,Nan,2,0,Neu
110,RT @Dekrypt_Off: La meilleure image du #2017LeDebat ,1,2,1,1,0,1,,,Nan,1,1,1
111,RT @Hugoprsgugo: #2017LeDebat elle voulait jeter les craies ,2,2,1,0,0,1,,,Nan,2,0,Neu
112,RT @Hugoprsgugo: #2017LeDebat elle voulait jeter les craies ,2,2,1,0,0,1,,,Nan,2,0,Neu
113,RT @Hugoprsgugo: #2017LeDebat elle voulait jeter les craies ,2,2,1,0,0,1,,,Nan,2,0,Neu
114,RT @Hugoprsgugo: #2017LeDebat elle voulait jeter les craies ,2,2,1,0,0,1,,,Nan,2,0,Neu
115,RT @Hugoprsgugo: #2017LeDebat elle voulait jeter les craies ,2,2,1,0,0,1,,,Nan,2,0,Neu
116,"RT @Thomananas: Pouah mais elle propose rien , elle nfait qu'aboyer , sa seule tactique c'est d'être agressive , elle ne cherche même ps le dé… ",2,2,1,1,0,1,,,0,2,1,Neu
117,RT @Hugoprsgugo: #2017LeDebat elle voulait jeter les craies ,2,2,1,0,0,1,,,Nan,2,0,Neu
118,RT @Hugoprsgugo: #2017LeDebat elle voulait jeter les craies ,2,2,1,0,0,1,,,Nan,2,0,Neu
119,RT @Hugoprsgugo: #2017LeDebat elle voulait jeter les craies ,2,2,1,0,0,1,,,Nan,2,0,Neu
120,RT @Hugoprsgugo: #2017LeDebat elle voulait jeter les craies ,2,2,1,0,0,1,,,Nan,2,0,Neu
121,RT @Hugoprsgugo: #2017LeDebat elle voulait jeter les craies ,2,2,1,0,0,1,,,Nan,2,0,Neu
122,RT @Hugoprsgugo: #2017LeDebat elle voulait jeter les craies ,2,2,1,0,0,1,,,Nan,2,0,Neu
123,RT @Hugoprsgugo: #2017LeDebat elle voulait jeter les craies ,2,2,1,0,0,1,,,Nan,2,0,Neu
124,RT @Hugoprsgugo: #2017LeDebat elle voulait jeter les craies ,2,2,1,0,0,1,,,Nan,2,0,Neu
125,RT @Hugoprsgugo: #2017LeDebat elle voulait jeter les craies ,2,2,1,0,0,1,,,Nan,2,0,Neu
126,RT @Hugoprsgugo: #2017LeDebat elle voulait jeter les craies ,2,2,1,0,0,1,,,Nan,2,0,Neu
127,RT @Hugoprsgugo: #2017LeDebat elle voulait jeter les craies ,2,2,1,0,0,1,,,Nan,2,0,Neu
128,RT @Hugoprsgugo: #2017LeDebat elle voulait jeter les craies ,2,2,1,0,0,1,,,Nan,2,0,Neu
129,RT @Dekrypt_Off: La meilleure image du #2017LeDebat ,1,2,1,1,0,1,,,Nan,1,1,1
130,RT @Hugoprsgugo: #2017LeDebat elle voulait jeter les craies ,2,2,1,0,0,1,,,Nan,2,0,Neu
131,RT @Hugoprsgugo: #2017LeDebat elle voulait jeter les craies ,2,2,1,0,0,1,,,Nan,2,0,Neu
132,RT @Hugoprsgugo: #2017LeDebat elle voulait jeter les craies ,2,2,1,0,0,1,,,Nan,2,0,Neu
133,RT @Hugoprsgugo: #2017LeDebat elle voulait jeter les craies ,2,2,1,0,0,1,,,Nan,2,0,Neu
134,RT @Hugoprsgugo: #2017LeDebat elle voulait jeter les craies ,2,2,1,0,0,1,,,Nan,2,0,Neu
135,RT @Hugoprsgugo: #2017LeDebat elle voulait jeter les craies ,2,2,1,0,0,1,,,Nan,2,0,Neu
136,RT @Hugoprsgugo: #2017LeDebat elle voulait jeter les craies ,2,2,1,0,0,1,,,Nan,2,0,Neu
137,RT @Dekrypt_Off: La meilleure image du #2017LeDebat ,1,2,1,1,0,1,,,Nan,1,1,1
138,RT @Hugoprsgugo: #2017LeDebat elle voulait jeter les craies ,2,2,1,0,0,1,,,Nan,2,0,Neu
139,RT @Hugoprsgugo: #2017LeDebat elle voulait jeter les craies ,2,2,1,0,0,1,,,Nan,2,0,Neu
140,RT @Hugoprsgugo: #2017LeDebat elle voulait jeter les craies ,2,2,1,0,0,1,,,Nan,2,0,Neu
141,RT @Hugoprsgugo: #2017LeDebat elle voulait jeter les craies ,2,2,1,0,0,1,,,Nan,2,0,Neu
142,RT @Hugoprsgugo: #2017LeDebat elle voulait jeter les craies ,2,2,1,0,0,1,,,Nan,2,0,Neu
143,RT @Hugoprsgugo: #2017LeDebat elle voulait jeter les craies ,2,2,1,0,0,1,,,Nan,2,0,Neu
144,RT @Hugoprsgugo: #2017LeDebat elle voulait jeter les craies ,2,2,1,0,0,1,,,Nan,2,0,Neu
145,RT @Hugoprsgugo: #2017LeDebat elle voulait jeter les craies ,2,2,1,0,0,1,,,Nan,2,0,Neu
146,RT @Hugoprsgugo: #2017LeDebat elle voulait jeter les craies ,2,2,1,0,0,1,,,Nan,2,0,Neu
147,RT @Hugoprsgugo: #2017LeDebat elle voulait jeter les craies ,2,2,1,0,0,1,,,Nan,2,0,Neu
148,RT @Hugoprsgugo: #2017LeDebat elle voulait jeter les craies ,2,2,1,0,0,1,,,Nan,2,0,Neu
149,RT @Hugoprsgugo: #2017LeDebat elle voulait jeter les craies ,2,2,1,0,0,1,,,Nan,2,0,Neu
150,RT @Dekrypt_Off: La meilleure image du #2017LeDebat ,1,2,1,1,0,1,,,Nan,1,1,1
151,RT @Hugoprsgugo: #2017LeDebat elle voulait jeter les craies ,2,2,1,0,0,1,,,Nan,2,0,Neu
152,RT @Hugoprsgugo: #2017LeDebat elle voulait jeter les craies ,2,2,1,0,0,1,,,Nan,2,0,Neu
153,RT @Hugoprsgugo: #2017LeDebat elle voulait jeter les craies ,2,2,1,0,0,1,,,Nan,2,0,Neu
154,RT @Hugoprsgugo: #2017LeDebat elle voulait jeter les craies ,2,2,1,0,0,1,,,Nan,2,0,Neu
155,RT @Hugoprsgugo: #2017LeDebat elle voulait jeter les craies ,2,2,1,0,0,1,,,Nan,2,0,Neu
156,RT @Hugoprsgugo: #2017LeDebat elle voulait jeter les craies ,2,2,1,0,0,1,,,Nan,2,0,Neu
157,RT @Hugoprsgugo: #2017LeDebat elle voulait jeter les craies ,2,2,1,0,0,1,,,Nan,2,0,Neu
158,"RT @Maririek14: Lepen la grande illusionniste .. aucun programme . ,elle n'a rien dit sauf un tissu de mensonge et de haine #2017LeDébat #ma… ",2,2,2,0,0,0,,,0,2,0,0
159,RT @Hugoprsgugo: #2017LeDebat elle voulait jeter les craies ,2,2,1,0,0,1,,,Nan,2,0,Neu
160,RT @Hugoprsgugo: #2017LeDebat elle voulait jeter les craies ,2,2,1,0,0,1,,,Nan,2,0,Neu
161,RT @Hugoprsgugo: #2017LeDebat elle voulait jeter les craies ,2,2,1,0,0,1,,,Nan,2,0,Neu
162,RT @Hugoprsgugo: #2017LeDebat elle voulait jeter les craies ,2,2,1,0,0,1,,,Nan,2,0,Neu
163,"RT @Harouban: ""-Pk tu men
-Je men pa
-Mé si
-Mé non
-Tg jé réson
-Mé non""
............
#2017LeDebat ",2,2,2,0,0,0,,,1,2,0,Neu
164,RT @Dekrypt_Off: La meilleure image du #2017LeDebat ,1,2,1,1,0,1,,,Nan,1,1,1
165,RT @Hugoprsgugo: #2017LeDebat elle voulait jeter les craies ,2,2,1,0,0,1,,,Nan,2,0,Neu
166,RT @Hugoprsgugo: #2017LeDebat elle voulait jeter les craies ,2,2,1,0,0,1,,,Nan,2,0,Neu
167,RT @Hugoprsgugo: #2017LeDebat elle voulait jeter les craies ,2,2,1,0,0,1,,,Nan,2,0,Neu
168,RT @Hugoprsgugo: #2017LeDebat elle voulait jeter les craies ,2,2,1,0,0,1,,,Nan,2,0,Neu
169,RT @Hugoprsgugo: #2017LeDebat elle voulait jeter les craies ,2,2,1,0,0,1,,,Nan,2,0,Neu
170,RT @Hugoprsgugo: #2017LeDebat elle voulait jeter les craies ,2,2,1,0,0,1,,,Nan,2,0,Neu
171,RT @Hugoprsgugo: #2017LeDebat elle voulait jeter les craies ,2,2,1,0,0,1,,,Nan,2,0,Neu
172,RT @Hugoprsgugo: #2017LeDebat elle voulait jeter les craies ,2,2,1,0,0,1,,,Nan,2,0,Neu
173,RT @Hugoprsgugo: #2017LeDebat elle voulait jeter les craies ,2,2,1,0,0,1,,,Nan,2,0,Neu
174,"#2017leDébat l'ogre observait le Petit poucet : 
- Je vais te maaangeer !  ",2,2,2,0,0,0,,,Nan,2,0,Neu
175,RT @KevinFavrel: Le débat ce soir. #2017LeDebat ,2,2,2,1,0,0,,,Nan,2,0,Neu
176,RT @Hugoprsgugo: #2017LeDebat elle voulait jeter les craies ,2,2,1,0,0,1,,,Nan,2,0,Neu
177,RT @Hugoprsgugo: #2017LeDebat elle voulait jeter les craies ,2,2,1,0,0,1,,,Nan,2,0,Neu
178,#2017leDébat Marine le Pen à la pêche aux migrants en méditerranée ,2,2,2,0,0,1,,,1,2,0,Neu
179,RT @Phoenix_MK87: Moi quand je regarde quelqu'un a plat ventre #2017LeDebat ,2,2,2,1,0,0,,,0,2,0,0
180,RT @Hugoprsgugo: #2017LeDebat elle voulait jeter les craies ,2,2,1,0,0,1,,,Nan,2,0,Neu
181,RT @Hugoprsgugo: #2017LeDebat elle voulait jeter les craies ,2,2,1,0,0,1,,,Nan,2,0,Neu
182,RT @Hugoprsgugo: #2017LeDebat elle voulait jeter les craies ,2,2,1,0,0,1,,,Nan,2,0,Neu
183,RT @Hugoprsgugo: #2017LeDebat elle voulait jeter les craies ,2,2,1,0,0,1,,,Nan,2,0,Neu
184,RT @Hugoprsgugo: #2017LeDebat elle voulait jeter les craies ,2,2,1,0,0,1,,,Nan,2,0,Neu
185,RT @Hugoprsgugo: #2017LeDebat elle voulait jeter les craies ,2,2,1,0,0,1,,,Nan,2,0,Neu
186,RT @Hugoprsgugo: #2017LeDebat elle voulait jeter les craies ,2,2,1,0,0,1,,,Nan,2,0,Neu
187,RT @Hugoprsgugo: #2017LeDebat elle voulait jeter les craies ,2,2,1,0,0,1,,,Nan,2,0,Neu
188,RT @Hugoprsgugo: #2017LeDebat elle voulait jeter les craies ,2,2,1,0,0,1,,,Nan,2,0,Neu
189,"RT @AndreaNeves19: Macron il monte en pression , redescend bolide #2017LeDebat ",2,2,2,0,0,1,,,Nan,2,0,Neu
190,RT @Hugoprsgugo: #2017LeDebat elle voulait jeter les craies ,2,2,1,0,0,1,,,Nan,2,0,Neu
191,RT @Hugoprsgugo: #2017LeDebat elle voulait jeter les craies ,2,2,1,0,0,1,,,Nan,2,0,Neu
192,RT @Hugoprsgugo: #2017LeDebat elle voulait jeter les craies ,2,2,1,0,0,1,,,Nan,2,0,Neu
193,RT @Hugoprsgugo: #2017LeDebat elle voulait jeter les craies ,2,2,1,0,0,1,,,Nan,2,0,Neu
194,RT @Hugoprsgugo: #2017LeDebat elle voulait jeter les craies ,2,2,1,0,0,1,,,Nan,2,0,Neu
195,RT @Hugoprsgugo: #2017LeDebat elle voulait jeter les craies ,2,2,1,0,0,1,,,Nan,2,0,Neu
196,RT @Hugoprsgugo: #2017LeDebat elle voulait jeter les craies ,2,2,1,0,0,1,,,Nan,2,0,Neu
197,RT @Hugoprsgugo: #2017LeDebat elle voulait jeter les craies ,2,2,1,0,0,1,,,Nan,2,0,Neu
198,RT @Hugoprsgugo: #2017LeDebat elle voulait jeter les craies ,2,2,1,0,0,1,,,Nan,2,0,Neu
199,RT @Hugoprsgugo: #2017LeDebat elle voulait jeter les craies ,2,2,1,0,0,1,,,Nan,2,0,Neu
200,RT @Hugoprsgugo: #2017LeDebat elle voulait jeter les craies ,2,2,1,0,0,1,,,Nan,2,0,Neu
201,RT @Hugoprsgugo: #2017LeDebat elle voulait jeter les craies ,2,2,1,0,0,1,,,Nan,2,0,Neu
202,RT @Hugoprsgugo: #2017LeDebat elle voulait jeter les craies ,2,2,1,0,0,1,,,Nan,2,0,Neu
203,RT @Hugoprsgugo: #2017LeDebat elle voulait jeter les craies ,2,2,1,0,0,1,,,Nan,2,0,Neu
204,RT @Hugoprsgugo: #2017LeDebat elle voulait jeter les craies ,2,2,1,0,0,1,,,Nan,2,0,Neu
205,RT @Hugoprsgugo: #2017LeDebat elle voulait jeter les craies ,2,2,1,0,0,1,,,Nan,2,0,Neu
206,RT @Hugoprsgugo: #2017LeDebat elle voulait jeter les craies ,2,2,1,0,0,1,,,Nan,2,0,Neu
207,RT @Hugoprsgugo: #2017LeDebat elle voulait jeter les craies ,2,2,1,0,0,1,,,Nan,2,0,Neu
208,RT @Hugoprsgugo: #2017LeDebat elle voulait jeter les craies ,2,2,1,0,0,1,,,Nan,2,0,Neu
209,RT @Hugoprsgugo: #2017LeDebat elle voulait jeter les craies ,2,2,1,0,0,1,,,Nan,2,0,Neu
210,RT @Hugoprsgugo: #2017LeDebat elle voulait jeter les craies ,2,2,1,0,0,1,,,Nan,2,0,Neu
211,RT @Hugoprsgugo: #2017LeDebat elle voulait jeter les craies ,2,2,1,0,0,1,,,Nan,2,0,Neu
212,RT @Hugoprsgugo: #2017LeDebat elle voulait jeter les craies ,2,2,1,0,0,1,,,Nan,2,0,Neu
213,RT @Hugoprsgugo: #2017LeDebat elle voulait jeter les craies ,2,2,1,0,0,1,,,Nan,2,0,Neu
214,RT @Hugoprsgugo: #2017LeDebat elle voulait jeter les craies ,2,2,1,0,0,1,,,Nan,2,0,Neu
215,RT @Hugoprsgugo: #2017LeDebat elle voulait jeter les craies ,2,2,1,0,0,1,,,Nan,2,0,Neu
216,RT @Hugoprsgugo: #2017LeDebat elle voulait jeter les craies ,2,2,1,0,0,1,,,Nan,2,0,Neu
217,RT @Hugoprsgugo: #2017LeDebat elle voulait jeter les craies ,2,2,1,0,0,1,,,Nan,2,0,Neu
218,RT @Hugoprsgugo: #2017LeDebat elle voulait jeter les craies ,2,2,1,0,0,1,,,Nan,2,0,Neu
219,RT @Hugoprsgugo: #2017LeDebat elle voulait jeter les craies ,2,2,1,0,0,1,,,Nan,2,0,Neu
220,RT @Hugoprsgugo: #2017LeDebat elle voulait jeter les craies ,2,2,1,0,0,1,,,Nan,2,0,Neu
221,RT @Hugoprsgugo: #2017LeDebat elle voulait jeter les craies ,2,2,1,0,0,1,,,Nan,2,0,Neu
222,RT @Hugoprsgugo: #2017LeDebat elle voulait jeter les craies ,2,2,1,0,0,1,,,Nan,2,0,Neu
223,RT @Hugoprsgugo: #2017LeDebat elle voulait jeter les craies ,2,2,1,0,0,1,,,Nan,2,0,Neu
224,RT @Hugoprsgugo: #2017LeDebat elle voulait jeter les craies ,2,2,1,0,0,1,,,Nan,2,0,Neu
225,RT @Hugoprsgugo: #2017LeDebat elle voulait jeter les craies ,2,2,1,0,0,1,,,Nan,2,0,Neu
226,RT @Hugoprsgugo: #2017LeDebat elle voulait jeter les craies ,2,2,1,0,0,1,,,Nan,2,0,Neu
227,RT @Hugoprsgugo: #2017LeDebat elle voulait jeter les craies ,2,2,1,0,0,1,,,Nan,2,0,Neu
228,RT @Hugoprsgugo: #2017LeDebat elle voulait jeter les craies ,2,2,1,0,0,1,,,Nan,2,0,Neu
229,RT @Hugoprsgugo: #2017LeDebat elle voulait jeter les craies ,2,2,1,0,0,1,,,Nan,2,0,Neu
230,RT @Hugoprsgugo: #2017LeDebat elle voulait jeter les craies ,2,2,1,0,0,1,,,Nan,2,0,Neu
231,RT @Hugoprsgugo: #2017LeDebat elle voulait jeter les craies ,2,2,1,0,0,1,,,Nan,2,0,Neu
232,RT @Hugoprsgugo: #2017LeDebat elle voulait jeter les craies ,2,2,1,0,0,1,,,Nan,2,0,Neu
233,RT @Hugoprsgugo: #2017LeDebat elle voulait jeter les craies ,2,2,1,0,0,1,,,Nan,2,0,Neu
234,RT @Hugoprsgugo: #2017LeDebat elle voulait jeter les craies ,2,2,1,0,0,1,,,Nan,2,0,Neu
235,RT @Hugoprsgugo: #2017LeDebat elle voulait jeter les craies ,2,2,1,0,0,1,,,Nan,2,0,Neu
236,RT @Hugoprsgugo: #2017LeDebat elle voulait jeter les craies ,2,2,1,0,0,1,,,Nan,2,0,Neu
237,RT @Hugoprsgugo: #2017LeDebat elle voulait jeter les craies ,2,2,1,0,0,1,,,Nan,2,0,Neu
238,"Allez on va faire le castor... C'est pas par plaisir , mais parfois mieux vaut un barrage qu'un naufrage... #2017ledébat ",1,2,2,0,1,1,,,Nan,2,1,Neu
239,RT @Hugoprsgugo: #2017LeDebat elle voulait jeter les craies ,2,2,1,0,0,1,,,Nan,2,0,Neu
240,RT @Hugoprsgugo: #2017LeDebat elle voulait jeter les craies ,2,2,1,0,0,1,,,Nan,2,0,Neu
241,RT @Hugoprsgugo: #2017LeDebat elle voulait jeter les craies ,2,2,1,0,0,1,,,Nan,2,0,Neu
242,RT @Dekrypt_Off: La meilleure image du #2017LeDebat ,1,2,1,1,0,1,,,Nan,1,1,1
243,RT @Hugoprsgugo: #2017LeDebat elle voulait jeter les craies ,2,2,1,0,0,1,,,Nan,2,0,Neu
244,RT @Hugoprsgugo: #2017LeDebat elle voulait jeter les craies ,2,2,1,0,0,1,,,Nan,2,0,Neu
245,RT @Hugoprsgugo: #2017LeDebat elle voulait jeter les craies ,2,2,1,0,0,1,,,Nan,2,0,Neu
246,RT @Hugoprsgugo: #2017LeDebat elle voulait jeter les craies ,2,2,1,0,0,1,,,Nan,2,0,Neu
247,RT @Hugoprsgugo: #2017LeDebat elle voulait jeter les craies ,2,2,1,0,0,1,,,Nan,2,0,Neu
248,RT @Hugoprsgugo: #2017LeDebat elle voulait jeter les craies ,2,2,1,0,0,1,,,Nan,2,0,Neu
249,RT @Hugoprsgugo: #2017LeDebat elle voulait jeter les craies ,2,2,1,0,0,1,,,Nan,2,0,Neu
250,RT @Hugoprsgugo: #2017LeDebat elle voulait jeter les craies ,2,2,1,0,0,1,,,Nan,2,0,Neu
251,RT @Hugoprsgugo: #2017LeDebat elle voulait jeter les craies ,2,2,1,0,0,1,,,Nan,2,0,Neu
252,RT @Hugoprsgugo: #2017LeDebat elle voulait jeter les craies ,2,2,1,0,0,1,,,Nan,2,0,Neu
253,RT @Hugoprsgugo: #2017LeDebat elle voulait jeter les craies ,2,2,1,0,0,1,,,Nan,2,0,Neu
254,RT @Hugoprsgugo: #2017LeDebat elle voulait jeter les craies ,2,2,1,0,0,1,,,Nan,2,0,Neu
255,RT @Hugoprsgugo: #2017LeDebat elle voulait jeter les craies ,2,2,1,0,0,1,,,Nan,2,0,Neu
256,RT @Hugoprsgugo: #2017LeDebat elle voulait jeter les craies ,2,2,1,0,0,1,,,Nan,2,0,Neu
257,RT @Hugoprsgugo: #2017LeDebat elle voulait jeter les craies ,2,2,1,0,0,1,,,Nan,2,0,Neu
258,RT @Hugoprsgugo: #2017LeDebat elle voulait jeter les craies ,2,2,1,0,0,1,,,Nan,2,0,Neu
259,RT @Hugoprsgugo: #2017LeDebat elle voulait jeter les craies ,2,2,1,0,0,1,,,Nan,2,0,Neu
260,RT @Hugoprsgugo: #2017LeDebat elle voulait jeter les craies ,2,2,1,0,0,1,,,Nan,2,0,Neu
261,RT @Dekrypt_Off: La meilleure image du #2017LeDebat ,1,2,1,1,0,1,,,Nan,1,1,1
262,RT @Hugoprsgugo: #2017LeDebat elle voulait jeter les craies ,2,2,1,0,0,1,,,Nan,2,0,Neu
263,RT @Hugoprsgugo: #2017LeDebat elle voulait jeter les craies ,2,2,1,0,0,1,,,Nan,2,0,Neu
264,RT @DLF_Paris16: #2017LeDebat mentir plutôt qu'assumer son idéologie..éviter son #Bilan..comment être président d'un Pays ? génération Y...… ,0,2,0,0,1,0,,,0,1,0,0
265,#2017LeDebat mentir plutôt qu'assumer son idéologie..éviter son #Bilan..comment être président d'un Pays ? générati… ,0,2,0,0,1,0,,,0,1,0,0
266,RT @Hugoprsgugo: #2017LeDebat elle voulait jeter les craies ,2,2,1,0,0,1,,,Nan,2,0,Neu
267,RT @Hugoprsgugo: #2017LeDebat elle voulait jeter les craies ,2,2,1,0,0,1,,,Nan,2,0,Neu
268,RT @Hugoprsgugo: #2017LeDebat elle voulait jeter les craies ,2,2,1,0,0,1,,,Nan,2,0,Neu
269,RT @Hugoprsgugo: #2017LeDebat elle voulait jeter les craies ,2,2,1,0,0,1,,,Nan,2,0,Neu
270,"RT @DavidGourmaud: #2017LeDebat Quand il dit qu'il voulait chasser les électeurs frontistes hors de France , il nous respectait aussi ? ",2,2,2,1,1,1,,,Nan,2,1,Neu
271,RT @Hugoprsgugo: #2017LeDebat elle voulait jeter les craies ,2,2,1,0,0,1,,,Nan,2,0,Neu
272,RT @Dekrypt_Off: La meilleure image du #2017LeDebat ,1,2,1,1,0,1,,,Nan,1,1,1
273,RT @Hugoprsgugo: #2017LeDebat elle voulait jeter les craies ,2,2,1,0,0,1,,,Nan,2,0,Neu
274,RT @Harouban: #2017LeDebat ,2,2,2,0,0,1,,,Nan,2,0,Neu
275,RT @Hugoprsgugo: #2017LeDebat elle voulait jeter les craies ,2,2,1,0,0,1,,,Nan,2,0,Neu
276,RT @Hugoprsgugo: #2017LeDebat elle voulait jeter les craies ,2,2,1,0,0,1,,,Nan,2,0,Neu
277,RT @Hugoprsgugo: #2017LeDebat elle voulait jeter les craies ,2,2,1,0,0,1,,,Nan,2,0,Neu
278,RT @Hugoprsgugo: #2017LeDebat elle voulait jeter les craies ,2,2,1,0,0,1,,,Nan,2,0,Neu
279,RT @Hugoprsgugo: #2017LeDebat elle voulait jeter les craies ,2,2,1,0,0,1,,,Nan,2,0,Neu
280,RT @Hugoprsgugo: #2017LeDebat elle voulait jeter les craies ,2,2,1,0,0,1,,,Nan,2,0,Neu
281,RT @Hugoprsgugo: #2017LeDebat elle voulait jeter les craies ,2,2,1,0,0,1,,,Nan,2,0,Neu
282,RT @Hugoprsgugo: #2017LeDebat elle voulait jeter les craies ,2,2,1,0,0,1,,,Nan,2,0,Neu
283,RT @Hugoprsgugo: #2017LeDebat elle voulait jeter les craies ,2,2,1,0,0,1,,,Nan,2,0,Neu
284,RT @Hugoprsgugo: #2017LeDebat elle voulait jeter les craies ,2,2,1,0,0,1,,,Nan,2,0,Neu
285,RT @Hugoprsgugo: #2017LeDebat elle voulait jeter les craies ,2,2,1,0,0,1,,,Nan,2,0,Neu
286,RT @Hugoprsgugo: #2017LeDebat elle voulait jeter les craies ,2,2,1,0,0,1,,,Nan,2,0,Neu
287,RT @Hugoprsgugo: #2017LeDebat elle voulait jeter les craies ,2,2,1,0,0,1,,,Nan,2,0,Neu
288,RT @Hugoprsgugo: #2017LeDebat elle voulait jeter les craies ,2,2,1,0,0,1,,,Nan,2,0,Neu
289,RT @Hugoprsgugo: #2017LeDebat elle voulait jeter les craies ,2,2,1,0,0,1,,,Nan,2,0,Neu
290,RT @Hugoprsgugo: #2017LeDebat elle voulait jeter les craies ,2,2,1,0,0,1,,,Nan,2,0,Neu
291,RT @Hugoprsgugo: #2017LeDebat elle voulait jeter les craies ,2,2,1,0,0,1,,,Nan,2,0,Neu
292,RT @Hugoprsgugo: #2017LeDebat elle voulait jeter les craies ,2,2,1,0,0,1,,,Nan,2,0,Neu
293,RT @Hugoprsgugo: #2017LeDebat elle voulait jeter les craies ,2,2,1,0,0,1,,,Nan,2,0,Neu
294,RT @Hugoprsgugo: #2017LeDebat elle voulait jeter les craies ,2,2,1,0,0,1,,,Nan,2,0,Neu
295,RT @Hugoprsgugo: #2017LeDebat elle voulait jeter les craies ,2,2,1,0,0,1,,,Nan,2,0,Neu
296,RT @Hugoprsgugo: #2017LeDebat elle voulait jeter les craies ,2,2,1,0,0,1,,,Nan,2,0,Neu
297,RT @Hugoprsgugo: #2017LeDebat elle voulait jeter les craies ,2,2,1,0,0,1,,,Nan,2,0,Neu
298,RT @Hugoprsgugo: #2017LeDebat elle voulait jeter les craies ,2,2,1,0,0,1,,,Nan,2,0,Neu
299,RT @Hugoprsgugo: #2017LeDebat elle voulait jeter les craies ,2,2,1,0,0,1,,,Nan,2,0,Neu
300,RT @Hugoprsgugo: #2017LeDebat elle voulait jeter les craies ,2,2,1,0,0,1,,,Nan,2,0,Neu
301,RT @Hugoprsgugo: #2017LeDebat elle voulait jeter les craies ,2,2,1,0,0,1,,,Nan,2,0,Neu
302,RT @Hugoprsgugo: #2017LeDebat elle voulait jeter les craies ,2,2,1,0,0,1,,,Nan,2,0,Neu
303,RT @Hugoprsgugo: #2017LeDebat elle voulait jeter les craies ,2,2,1,0,0,1,,,Nan,2,0,Neu
304,RT @Hugoprsgugo: #2017LeDebat elle voulait jeter les craies ,2,2,1,0,0,1,,,Nan,2,0,Neu
305,RT @Hugoprsgugo: #2017LeDebat elle voulait jeter les craies ,2,2,1,0,0,1,,,Nan,2,0,Neu
306,RT @Hugoprsgugo: #2017LeDebat elle voulait jeter les craies ,2,2,1,0,0,1,,,Nan,2,0,Neu
307,"RT @DLF_Paris16: #2017LeDebat Mr #Macron a déclaré""Je n'étais pas ministre quand SFR a été vendu"" #FAUX..le 28/10/14 il a donné son feu ver… ",2,2,2,0,0,0,,,1,2,0,Neu
308,"RT @DLF_Paris16: #2017LeDebat Mr #Macron a déclaré""Je n'étais pas ministre quand SFR a été vendu"" #FAUX..le 28/10/14 il a donné son feu ver… ",2,2,2,0,0,0,,,1,2,0,Neu
309,RT @Hugoprsgugo: #2017LeDebat elle voulait jeter les craies ,2,2,1,0,0,1,,,Nan,2,0,Neu
310,RT @Hugoprsgugo: #2017LeDebat elle voulait jeter les craies ,2,2,1,0,0,1,,,Nan,2,0,Neu
311,RT @Hugoprsgugo: #2017LeDebat elle voulait jeter les craies ,2,2,1,0,0,1,,,Nan,2,0,Neu
312,"RT @DLF_Paris16: #2017LeDebat ""Mensonge"" #EnDirect le jour de la vente de SFR à Numéricable Mr #Macron a bel et bien joué un rôle #prépondé… ",1,2,1,1,1,1,,,1,1,1,1
313,RT @Hugoprsgugo: #2017LeDebat elle voulait jeter les craies ,2,2,1,0,0,1,,,Nan,2,0,Neu
314,RT @Harouban: #2017LeDebat ,2,2,2,0,0,1,,,Nan,2,0,Neu
315,"RT @DLF_Paris16: #2017LeDebat ""Mensonge"" #EnDirect le jour de la vente de SFR à Numéricable Mr #Macron a bel et bien joué un rôle #prépondé… ",1,2,1,1,1,1,,,1,1,1,1
316,RT @Hugoprsgugo: #2017LeDebat elle voulait jeter les craies ,2,2,1,0,0,1,,,Nan,2,0,Neu
317,RT @Hugoprsgugo: #2017LeDebat elle voulait jeter les craies ,2,2,1,0,0,1,,,Nan,2,0,Neu
318,RT @Hugoprsgugo: #2017LeDebat elle voulait jeter les craies ,2,2,1,0,0,1,,,Nan,2,0,Neu
319,RT @Hugoprsgugo: #2017LeDebat elle voulait jeter les craies ,2,2,1,0,0,1,,,Nan,2,0,Neu
320,"#2017LeDebat ""Mensonge"" #EnDirect le jour de la vente de SFR à Numéricable Mr #Macron a bel et bien joué un rôle #prépondérant ds la vente ",1,2,1,1,1,1,,,1,1,1,1
321,RT @Hugoprsgugo: #2017LeDebat elle voulait jeter les craies ,2,2,1,0,0,1,,,Nan,2,0,Neu
322,RT @Hugoprsgugo: #2017LeDebat elle voulait jeter les craies ,2,2,1,0,0,1,,,Nan,2,0,Neu
323,RT @Hugoprsgugo: #2017LeDebat elle voulait jeter les craies ,2,2,1,0,0,1,,,Nan,2,0,Neu
324,RT @Hugoprsgugo: #2017LeDebat elle voulait jeter les craies ,2,2,1,0,0,1,,,Nan,2,0,Neu
325,RT @Hugoprsgugo: #2017LeDebat elle voulait jeter les craies ,2,2,1,0,0,1,,,Nan,2,0,Neu
326,RT @Hugoprsgugo: #2017LeDebat elle voulait jeter les craies ,2,2,1,0,0,1,,,Nan,2,0,Neu
327,"RT @DLF_Paris16: #2017LeDebat Mr #Macron a déclaré""Je n'étais pas ministre quand SFR a été vendu"" #FAUX..le 28/10/14 il a donné son feu ver… ",2,2,2,0,0,0,,,1,2,0,Neu
328,"RT @DLF_Paris16: #2017LeDebat Mr #Macron a déclaré""Je n'étais pas ministre quand SFR a été vendu"" #FAUX..le 28/10/14 il a donné son feu ver… ",2,2,2,0,0,0,,,1,2,0,Neu
329,"RT @DLF_Paris16: #2017LeDebat Mr #Macron a déclaré""Je n'étais pas ministre quand SFR a été vendu"" #FAUX..le 28/10/14 il a donné son feu ver… ",2,2,2,0,0,0,,,1,2,0,Neu
330,"RT @DLF_Paris16: #2017LeDebat Mr #Macron a déclaré""Je n'étais pas ministre quand SFR a été vendu"" #FAUX..le 28/10/14 il a donné son feu ver… ",2,2,2,0,0,0,,,1,2,0,Neu
331,RT @Hugoprsgugo: #2017LeDebat elle voulait jeter les craies ,2,2,1,0,0,1,,,Nan,2,0,Neu
332,RT @Hugoprsgugo: #2017LeDebat elle voulait jeter les craies ,2,2,1,0,0,1,,,Nan,2,0,Neu
333,RT @Hugoprsgugo: #2017LeDebat elle voulait jeter les craies ,2,2,1,0,0,1,,,Nan,2,0,Neu
334,RT @Hugoprsgugo: #2017LeDebat elle voulait jeter les craies ,2,2,1,0,0,1,,,Nan,2,0,Neu
335,RT @Hugoprsgugo: #2017LeDebat elle voulait jeter les craies ,2,2,1,0,0,1,,,Nan,2,0,Neu
336,RT @Hugoprsgugo: #2017LeDebat elle voulait jeter les craies ,2,2,1,0,0,1,,,Nan,2,0,Neu
337,"#2017LeDebat Mr #Macron a déclaré""Je n'étais pas ministre quand SFR a été vendu"" #FAUX..le 28/10/14 il a donné son feu vert à l'opération.. ",2,2,2,0,0,0,,,Nan,2,0,Neu
338,RT @Hugoprsgugo: #2017LeDebat elle voulait jeter les craies ,2,2,1,0,0,1,,,Nan,2,0,Neu
339,RT @Hugoprsgugo: #2017LeDebat elle voulait jeter les craies ,2,2,1,0,0,1,,,Nan,2,0,Neu
340,RT @Hugoprsgugo: #2017LeDebat elle voulait jeter les craies ,2,2,1,0,0,1,,,Nan,2,0,Neu
341,RT @Hugoprsgugo: #2017LeDebat elle voulait jeter les craies ,2,2,1,0,0,1,,,Nan,2,0,Neu
342,RT @Hugoprsgugo: #2017LeDebat elle voulait jeter les craies ,2,2,1,0,0,1,,,Nan,2,0,Neu
343,RT @Hugoprsgugo: #2017LeDebat elle voulait jeter les craies ,2,2,1,0,0,1,,,Nan,2,0,Neu
344,RT @Hugoprsgugo: #2017LeDebat elle voulait jeter les craies ,2,2,1,0,0,1,,,Nan,2,0,Neu
345,RT @Hugoprsgugo: #2017LeDebat elle voulait jeter les craies ,2,2,1,0,0,1,,,Nan,2,0,Neu
346,RT @Hugoprsgugo: #2017LeDebat elle voulait jeter les craies ,2,2,1,0,0,1,,,Nan,2,0,Neu
347,RT @Hugoprsgugo: #2017LeDebat elle voulait jeter les craies ,2,2,1,0,0,1,,,Nan,2,0,Neu
348,RT @Hugoprsgugo: #2017LeDebat elle voulait jeter les craies ,2,2,1,0,0,1,,,Nan,2,0,Neu
349,RT @Hugoprsgugo: #2017LeDebat elle voulait jeter les craies ,2,2,1,0,0,1,,,Nan,2,0,Neu
350,RT @Hugoprsgugo: #2017LeDebat elle voulait jeter les craies ,2,2,1,0,0,1,,,Nan,2,0,Neu
351,RT @Hugoprsgugo: #2017LeDebat elle voulait jeter les craies ,2,2,1,0,0,1,,,Nan,2,0,Neu
352,RT @Hugoprsgugo: #2017LeDebat elle voulait jeter les craies ,2,2,1,0,0,1,,,Nan,2,0,Neu
353,RT @Hugoprsgugo: #2017LeDebat elle voulait jeter les craies ,2,2,1,0,0,1,,,Nan,2,0,Neu
354,RT @Hugoprsgugo: #2017LeDebat elle voulait jeter les craies ,2,2,1,0,0,1,,,Nan,2,0,Neu
355,RT @Hugoprsgugo: #2017LeDebat elle voulait jeter les craies ,2,2,1,0,0,1,,,Nan,2,0,Neu
356,RT @Dinrecords: #2017LeDebat ,2,2,2,0,0,1,,,Nan,2,0,Neu
357,RT @Hugoprsgugo: #2017LeDebat elle voulait jeter les craies ,2,2,1,0,0,1,,,Nan,2,0,Neu
358,RT @Hugoprsgugo: #2017LeDebat elle voulait jeter les craies ,2,2,1,0,0,1,,,Nan,2,0,Neu
359,RT @Hugoprsgugo: #2017LeDebat elle voulait jeter les craies ,2,2,1,0,0,1,,,Nan,2,0,Neu
360,RT @Hugoprsgugo: #2017LeDebat elle voulait jeter les craies ,2,2,1,0,0,1,,,Nan,2,0,Neu
361,RT @Hugoprsgugo: #2017LeDebat elle voulait jeter les craies ,2,2,1,0,0,1,,,Nan,2,0,Neu
362,RT @Hugoprsgugo: #2017LeDebat elle voulait jeter les craies ,2,2,1,0,0,1,,,Nan,2,0,Neu
363,RT @Hugoprsgugo: #2017LeDebat elle voulait jeter les craies ,2,2,1,0,0,1,,,Nan,2,0,Neu
364,RT @Hugoprsgugo: #2017LeDebat elle voulait jeter les craies ,2,2,1,0,0,1,,,Nan,2,0,Neu
365,RT @Hugoprsgugo: #2017LeDebat elle voulait jeter les craies ,2,2,1,0,0,1,,,Nan,2,0,Neu
366,RT @Hugoprsgugo: #2017LeDebat elle voulait jeter les craies ,2,2,1,0,0,1,,,Nan,2,0,Neu
367,RT @Hugoprsgugo: #2017LeDebat elle voulait jeter les craies ,2,2,1,0,0,1,,,Nan,2,0,Neu
368,RT @Hugoprsgugo: #2017LeDebat elle voulait jeter les craies ,2,2,1,0,0,1,,,Nan,2,0,Neu
369,RT @Hugoprsgugo: #2017LeDebat elle voulait jeter les craies ,2,2,1,0,0,1,,,Nan,2,0,Neu
370,RT @Hugoprsgugo: #2017LeDebat elle voulait jeter les craies ,2,2,1,0,0,1,,,Nan,2,0,Neu
371,RT @Hugoprsgugo: #2017LeDebat elle voulait jeter les craies ,2,2,1,0,0,1,,,Nan,2,0,Neu
372,RT @Hugoprsgugo: #2017LeDebat elle voulait jeter les craies ,2,2,1,0,0,1,,,Nan,2,0,Neu
373,RT @Dinrecords: #2017LeDebat ,2,2,2,0,0,1,,,Nan,2,0,Neu
374,RT @Hugoprsgugo: #2017LeDebat elle voulait jeter les craies ,2,2,1,0,0,1,,,Nan,2,0,Neu
375,RT @Hugoprsgugo: #2017LeDebat elle voulait jeter les craies ,2,2,1,0,0,1,,,Nan,2,0,Neu
376,RT @Hugoprsgugo: #2017LeDebat elle voulait jeter les craies ,2,2,1,0,0,1,,,Nan,2,0,Neu
377,RT @Hugoprsgugo: #2017LeDebat elle voulait jeter les craies ,2,2,1,0,0,1,,,Nan,2,0,Neu
378,RT @Hugoprsgugo: #2017LeDebat elle voulait jeter les craies ,2,2,1,0,0,1,,,Nan,2,0,Neu
379,RT @Hugoprsgugo: #2017LeDebat elle voulait jeter les craies ,2,2,1,0,0,1,,,Nan,2,0,Neu
380,RT @Hugoprsgugo: #2017LeDebat elle voulait jeter les craies ,2,2,1,0,0,1,,,Nan,2,0,Neu
381,RT @Hugoprsgugo: #2017LeDebat elle voulait jeter les craies ,2,2,1,0,0,1,,,Nan,2,0,Neu
382,RT @Hugoprsgugo: #2017LeDebat elle voulait jeter les craies ,2,2,1,0,0,1,,,Nan,2,0,Neu
383,RT @Hugoprsgugo: #2017LeDebat elle voulait jeter les craies ,2,2,1,0,0,1,,,Nan,2,0,Neu
384,RT @Hugoprsgugo: #2017LeDebat elle voulait jeter les craies ,2,2,1,0,0,1,,,Nan,2,0,Neu
385,RT @Hugoprsgugo: #2017LeDebat elle voulait jeter les craies ,2,2,1,0,0,1,,,Nan,2,0,Neu
386,RT @Hugoprsgugo: #2017LeDebat elle voulait jeter les craies ,2,2,1,0,0,1,,,Nan,2,0,Neu
387,RT @Hugoprsgugo: #2017LeDebat elle voulait jeter les craies ,2,2,1,0,0,1,,,Nan,2,0,Neu
388,RT @Hugoprsgugo: #2017LeDebat elle voulait jeter les craies ,2,2,1,0,0,1,,,Nan,2,0,Neu
389,RT @Hugoprsgugo: #2017LeDebat elle voulait jeter les craies ,2,2,1,0,0,1,,,Nan,2,0,Neu
390,RT @Hugoprsgugo: #2017LeDebat elle voulait jeter les craies ,2,2,1,0,0,1,,,Nan,2,0,Neu
391,RT @Hugoprsgugo: #2017LeDebat elle voulait jeter les craies ,2,2,1,0,0,1,,,Nan,2,0,Neu
392,RT @Hugoprsgugo: #2017LeDebat elle voulait jeter les craies ,2,2,1,0,0,1,,,Nan,2,0,Neu
393,RT @Hugoprsgugo: #2017LeDebat elle voulait jeter les craies ,2,2,1,0,0,1,,,Nan,2,0,Neu
394,RT @Hugoprsgugo: #2017LeDebat elle voulait jeter les craies ,2,2,1,0,0,1,,,Nan,2,0,Neu
395,RT @Hugoprsgugo: #2017LeDebat elle voulait jeter les craies ,2,2,1,0,0,1,,,Nan,2,0,Neu
396,RT @Hugoprsgugo: #2017LeDebat elle voulait jeter les craies ,2,2,1,0,0,1,,,Nan,2,0,Neu
397,RT @Hugoprsgugo: #2017LeDebat elle voulait jeter les craies ,2,2,1,0,0,1,,,Nan,2,0,Neu
398,RT @Hugoprsgugo: #2017LeDebat elle voulait jeter les craies ,2,2,1,0,0,1,,,Nan,2,0,Neu
399,RT @Hugoprsgugo: #2017LeDebat elle voulait jeter les craies ,2,2,1,0,0,1,,,Nan,2,0,Neu
400,RT @Hugoprsgugo: #2017LeDebat elle voulait jeter les craies ,2,2,1,0,0,1,,,Nan,2,0,Neu
401,RT @Hugoprsgugo: #2017LeDebat elle voulait jeter les craies ,2,2,1,0,0,1,,,Nan,2,0,Neu
402,RT @Hugoprsgugo: #2017LeDebat elle voulait jeter les craies ,2,2,1,0,0,1,,,Nan,2,0,Neu
403,RT @Hugoprsgugo: #2017LeDebat elle voulait jeter les craies ,2,2,1,0,0,1,,,Nan,2,0,Neu
404,RT @Hugoprsgugo: #2017LeDebat elle voulait jeter les craies ,2,2,1,0,0,1,,,Nan,2,0,Neu
405,RT @Dekrypt_Off: La meilleure image du #2017LeDebat ,1,2,1,1,0,1,,,Nan,1,1,1
406,RT @Hugoprsgugo: #2017LeDebat elle voulait jeter les craies ,2,2,1,0,0,1,,,Nan,2,0,Neu
407,RT @Hugoprsgugo: #2017LeDebat elle voulait jeter les craies ,2,2,1,0,0,1,,,Nan,2,0,Neu
408,RT @Hugoprsgugo: #2017LeDebat elle voulait jeter les craies ,2,2,1,0,0,1,,,Nan,2,0,Neu
409,RT @Hugoprsgugo: #2017LeDebat elle voulait jeter les craies ,2,2,1,0,0,1,,,Nan,2,0,Neu
410,RT @Hugoprsgugo: #2017LeDebat elle voulait jeter les craies ,2,2,1,0,0,1,,,Nan,2,0,Neu
411,RT @Hugoprsgugo: #2017LeDebat elle voulait jeter les craies ,2,2,1,0,0,1,,,Nan,2,0,Neu
412,RT @Hugoprsgugo: #2017LeDebat elle voulait jeter les craies ,2,2,1,0,0,1,,,Nan,2,0,Neu
413,RT @Hugoprsgugo: #2017LeDebat elle voulait jeter les craies ,2,2,1,0,0,1,,,Nan,2,0,Neu
414,RT @Hugoprsgugo: #2017LeDebat elle voulait jeter les craies ,2,2,1,0,0,1,,,Nan,2,0,Neu
415,RT @Hugoprsgugo: #2017LeDebat elle voulait jeter les craies ,2,2,1,0,0,1,,,Nan,2,0,Neu
416,RT @Hugoprsgugo: #2017LeDebat elle voulait jeter les craies ,2,2,1,0,0,1,,,Nan,2,0,Neu
417,RT @Hugoprsgugo: #2017LeDebat elle voulait jeter les craies ,2,2,1,0,0,1,,,Nan,2,0,Neu
418,RT @Hugoprsgugo: #2017LeDebat elle voulait jeter les craies ,2,2,1,0,0,1,,,Nan,2,0,Neu
419,RT @Hugoprsgugo: #2017LeDebat elle voulait jeter les craies ,2,2,1,0,0,1,,,Nan,2,0,Neu
420,RT @Hugoprsgugo: #2017LeDebat elle voulait jeter les craies ,2,2,1,0,0,1,,,Nan,2,0,Neu
421,RT @Hugoprsgugo: #2017LeDebat elle voulait jeter les craies ,2,2,1,0,0,1,,,Nan,2,0,Neu
422,RT @Hugoprsgugo: #2017LeDebat elle voulait jeter les craies ,2,2,1,0,0,1,,,Nan,2,0,Neu
423,RT @Hugoprsgugo: #2017LeDebat elle voulait jeter les craies ,2,2,1,0,0,1,,,Nan,2,0,Neu
424,RT @Hugoprsgugo: #2017LeDebat elle voulait jeter les craies ,2,2,1,0,0,1,,,Nan,2,0,Neu
425,RT @Hugoprsgugo: #2017LeDebat elle voulait jeter les craies ,2,2,1,0,0,1,,,Nan,2,0,Neu
426,RT @Hugoprsgugo: #2017LeDebat elle voulait jeter les craies ,2,2,1,0,0,1,,,Nan,2,0,Neu
427,RT @Hugoprsgugo: #2017LeDebat elle voulait jeter les craies ,2,2,1,0,0,1,,,Nan,2,0,Neu
428,RT @Hugoprsgugo: #2017LeDebat elle voulait jeter les craies ,2,2,1,0,0,1,,,Nan,2,0,Neu
429,RT @Hugoprsgugo: #2017LeDebat elle voulait jeter les craies ,2,2,1,0,0,1,,,Nan,2,0,Neu
430,RT @Hugoprsgugo: #2017LeDebat elle voulait jeter les craies ,2,2,1,0,0,1,,,Nan,2,0,Neu
431,RT @Hugoprsgugo: #2017LeDebat elle voulait jeter les craies ,2,2,1,0,0,1,,,Nan,2,0,Neu
432,RT @Hugoprsgugo: #2017LeDebat elle voulait jeter les craies ,2,2,1,0,0,1,,,Nan,2,0,Neu
433,RT @Hugoprsgugo: #2017LeDebat elle voulait jeter les craies ,2,2,1,0,0,1,,,Nan,2,0,Neu
434,RT @Hugoprsgugo: #2017LeDebat elle voulait jeter les craies ,2,2,1,0,0,1,,,Nan,2,0,Neu
435,RT @Hugoprsgugo: #2017LeDebat elle voulait jeter les craies ,2,2,1,0,0,1,,,Nan,2,0,Neu
436,RT @Hugoprsgugo: #2017LeDebat elle voulait jeter les craies ,2,2,1,0,0,1,,,Nan,2,0,Neu
437,RT @Hugoprsgugo: #2017LeDebat elle voulait jeter les craies ,2,2,1,0,0,1,,,Nan,2,0,Neu
438,RT @Hugoprsgugo: #2017LeDebat elle voulait jeter les craies ,2,2,1,0,0,1,,,Nan,2,0,Neu
439,RT @Hugoprsgugo: #2017LeDebat elle voulait jeter les craies ,2,2,1,0,0,1,,,Nan,2,0,Neu
440,RT @Hugoprsgugo: #2017LeDebat elle voulait jeter les craies ,2,2,1,0,0,1,,,Nan,2,0,Neu
441,RT @Hugoprsgugo: #2017LeDebat elle voulait jeter les craies ,2,2,1,0,0,1,,,Nan,2,0,Neu
442,RT @Hugoprsgugo: #2017LeDebat elle voulait jeter les craies ,2,2,1,0,0,1,,,Nan,2,0,Neu
443,RT @madc0w72: N'oubliez pas le vrai visage de Marine dimanche #jevotepour  #LeGrandDebat #2017LeDebat ,2,2,1,0,1,0,,,Nan,2,0,Neu
444,RT @Hugoprsgugo: #2017LeDebat elle voulait jeter les craies ,2,2,1,0,0,1,,,Nan,2,0,Neu
445,N'oubliez pas le vrai visage de Marine dimanche #jevotepour  #LeGrandDebat #2017LeDebat ,2,2,1,0,1,0,,,Nan,2,0,Neu
446,RT @Hugoprsgugo: #2017LeDebat elle voulait jeter les craies ,2,2,1,0,0,1,,,Nan,2,0,Neu
447,RT @Hugoprsgugo: #2017LeDebat elle voulait jeter les craies ,2,2,1,0,0,1,,,Nan,2,0,Neu
448,RT @Hugoprsgugo: #2017LeDebat elle voulait jeter les craies ,2,2,1,0,0,1,,,Nan,2,0,Neu
449,RT @Hugoprsgugo: #2017LeDebat elle voulait jeter les craies ,2,2,1,0,0,1,,,Nan,2,0,Neu
450,RT @Hugoprsgugo: #2017LeDebat elle voulait jeter les craies ,2,2,1,0,0,1,,,Nan,2,0,Neu
451,RT @Dekrypt_Off: La meilleure image du #2017LeDebat ,1,2,1,1,0,1,,,Nan,1,1,1
452,RT @Hugoprsgugo: #2017LeDebat elle voulait jeter les craies ,2,2,1,0,0,1,,,Nan,2,0,Neu
453,RT @Hugoprsgugo: #2017LeDebat elle voulait jeter les craies ,2,2,1,0,0,1,,,Nan,2,0,Neu
454,RT @Hugoprsgugo: #2017LeDebat elle voulait jeter les craies ,2,2,1,0,0,1,,,Nan,2,0,Neu
455,RT @Hugoprsgugo: #2017LeDebat elle voulait jeter les craies ,2,2,1,0,0,1,,,Nan,2,0,Neu
456,RT @Hugoprsgugo: #2017LeDebat elle voulait jeter les craies ,2,2,1,0,0,1,,,Nan,2,0,Neu
457,RT @Hugoprsgugo: #2017LeDebat elle voulait jeter les craies ,2,2,1,0,0,1,,,Nan,2,0,Neu
458,RT @Hugoprsgugo: #2017LeDebat elle voulait jeter les craies ,2,2,1,0,0,1,,,Nan,2,0,Neu
459,RT @Hugoprsgugo: #2017LeDebat elle voulait jeter les craies ,2,2,1,0,0,1,,,Nan,2,0,Neu
460,RT @Hugoprsgugo: #2017LeDebat elle voulait jeter les craies ,2,2,1,0,0,1,,,Nan,2,0,Neu
461,RT @Hugoprsgugo: #2017LeDebat elle voulait jeter les craies ,2,2,1,0,0,1,,,Nan,2,0,Neu
462,RT @Hugoprsgugo: #2017LeDebat elle voulait jeter les craies ,2,2,1,0,0,1,,,Nan,2,0,Neu
463,RT @Hugoprsgugo: #2017LeDebat elle voulait jeter les craies ,2,2,1,0,0,1,,,Nan,2,0,Neu
464,RT @Hugoprsgugo: #2017LeDebat elle voulait jeter les craies ,2,2,1,0,0,1,,,Nan,2,0,Neu
465,RT @Hugoprsgugo: #2017LeDebat elle voulait jeter les craies ,2,2,1,0,0,1,,,Nan,2,0,Neu
466,RT @Hugoprsgugo: #2017LeDebat elle voulait jeter les craies ,2,2,1,0,0,1,,,Nan,2,0,Neu
467,RT @Hugoprsgugo: #2017LeDebat elle voulait jeter les craies ,2,2,1,0,0,1,,,Nan,2,0,Neu
468,RT @Hugoprsgugo: #2017LeDebat elle voulait jeter les craies ,2,2,1,0,0,1,,,Nan,2,0,Neu
469,RT @Hugoprsgugo: #2017LeDebat elle voulait jeter les craies ,2,2,1,0,0,1,,,Nan,2,0,Neu
470,RT @Hugoprsgugo: #2017LeDebat elle voulait jeter les craies ,2,2,1,0,0,1,,,Nan,2,0,Neu
471,RT @Hugoprsgugo: #2017LeDebat elle voulait jeter les craies ,2,2,1,0,0,1,,,Nan,2,0,Neu
472,RT @Hugoprsgugo: #2017LeDebat elle voulait jeter les craies ,2,2,1,0,0,1,,,Nan,2,0,Neu
473,RT @DennisBernaud: .@FrancoisFillon aurait élevé le niveau du débat ! On aurait vraiment pu l'appeler le #GrandDebat !! #2017LeDebat ,0,2,2,0,1,1,,,0,1,1,1
474,RT @Hugoprsgugo: #2017LeDebat elle voulait jeter les craies ,2,2,1,0,0,1,,,Nan,2,0,Neu
475,RT @Hugoprsgugo: #2017LeDebat elle voulait jeter les craies ,2,2,1,0,0,1,,,Nan,2,0,Neu
476,RT @Hugoprsgugo: #2017LeDebat elle voulait jeter les craies ,2,2,1,0,0,1,,,Nan,2,0,Neu
477,RT @Hugoprsgugo: #2017LeDebat elle voulait jeter les craies ,2,2,1,0,0,1,,,Nan,2,0,Neu
478,RT @Hugoprsgugo: #2017LeDebat elle voulait jeter les craies ,2,2,1,0,0,1,,,Nan,2,0,Neu
479,RT @Hugoprsgugo: #2017LeDebat elle voulait jeter les craies ,2,2,1,0,0,1,,,Nan,2,0,Neu
480,RT @Hugoprsgugo: #2017LeDebat elle voulait jeter les craies ,2,2,1,0,0,1,,,Nan,2,0,Neu
481,RT @Hugoprsgugo: #2017LeDebat elle voulait jeter les craies ,2,2,1,0,0,1,,,Nan,2,0,Neu
482,RT @Hugoprsgugo: #2017LeDebat elle voulait jeter les craies ,2,2,1,0,0,1,,,Nan,2,0,Neu
483,RT @Hugoprsgugo: #2017LeDebat elle voulait jeter les craies ,2,2,1,0,0,1,,,Nan,2,0,Neu
484,RT @Hugoprsgugo: #2017LeDebat elle voulait jeter les craies ,2,2,1,0,0,1,,,Nan,2,0,Neu
485,RT @DennisBernaud: .@FrancoisFillon aurait élevé le niveau du débat ! On aurait vraiment pu l'appeler le #GrandDebat !! #2017LeDebat ,0,2,2,0,1,1,,,0,1,1,1
486,RT @Hugoprsgugo: #2017LeDebat elle voulait jeter les craies ,2,2,1,0,0,1,,,Nan,2,0,Neu
487,RT @Hugoprsgugo: #2017LeDebat elle voulait jeter les craies ,2,2,1,0,0,1,,,Nan,2,0,Neu
488,RT @Hugoprsgugo: #2017LeDebat elle voulait jeter les craies ,2,2,1,0,0,1,,,Nan,2,0,Neu
489,RT @Hugoprsgugo: #2017LeDebat elle voulait jeter les craies ,2,2,1,0,0,1,,,Nan,2,0,Neu
490,RT @Hugoprsgugo: #2017LeDebat elle voulait jeter les craies ,2,2,1,0,0,1,,,Nan,2,0,Neu
491,RT @Hugoprsgugo: #2017LeDebat elle voulait jeter les craies ,2,2,1,0,0,1,,,Nan,2,0,Neu
492,"RT @mathis_ab: C'est en regardant un débat minable comme ce soir qu'on comprend que Hamon ou Mélenchon élèvent vraiment le débat 
#2017LeDe… ",2,2,2,1,0,0,,,0,2,0,0
493,RT @Hugoprsgugo: #2017LeDebat elle voulait jeter les craies ,2,2,1,0,0,1,,,Nan,2,0,Neu
494,RT @Hugoprsgugo: #2017LeDebat elle voulait jeter les craies ,2,2,1,0,0,1,,,Nan,2,0,Neu
495,RT @Hugoprsgugo: #2017LeDebat elle voulait jeter les craies ,2,2,1,0,0,1,,,Nan,2,0,Neu
496,RT @Hugoprsgugo: #2017LeDebat elle voulait jeter les craies ,2,2,1,0,0,1,,,Nan,2,0,Neu
497,RT @Hugoprsgugo: #2017LeDebat elle voulait jeter les craies ,2,2,1,0,0,1,,,Nan,2,0,Neu
498,RT @Hugoprsgugo: #2017LeDebat elle voulait jeter les craies ,2,2,1,0,0,1,,,Nan,2,0,Neu
499,RT @Hugoprsgugo: #2017LeDebat elle voulait jeter les craies ,2,2,1,0,0,1,,,Nan,2,0,Neu
500,RT @Hugoprsgugo: #2017LeDebat elle voulait jeter les craies ,2,2,1,0,0,1,,,Nan,2,0,Neu
501,RT @Dekrypt_Off: La meilleure image du #2017LeDebat ,1,2,1,1,0,1,,,Nan,1,1,1
502,RT @Hugoprsgugo: #2017LeDebat elle voulait jeter les craies ,2,2,1,0,0,1,,,Nan,2,0,Neu
503,RT @Hugoprsgugo: #2017LeDebat elle voulait jeter les craies ,2,2,1,0,0,1,,,Nan,2,0,Neu
504,RT @Hugoprsgugo: #2017LeDebat elle voulait jeter les craies ,2,2,1,0,0,1,,,Nan,2,0,Neu
505,RT @Hugoprsgugo: #2017LeDebat elle voulait jeter les craies ,2,2,1,0,0,1,,,Nan,2,0,Neu
506,RT @Hugoprsgugo: #2017LeDebat elle voulait jeter les craies ,2,2,1,0,0,1,,,Nan,2,0,Neu
507,RT @Hugoprsgugo: #2017LeDebat elle voulait jeter les craies ,2,2,1,0,0,1,,,Nan,2,0,Neu
508,RT @Hugoprsgugo: #2017LeDebat elle voulait jeter les craies ,2,2,1,0,0,1,,,Nan,2,0,Neu
509,RT @Hugoprsgugo: #2017LeDebat elle voulait jeter les craies ,2,2,1,0,0,1,,,Nan,2,0,Neu
510,RT @Hugoprsgugo: #2017LeDebat elle voulait jeter les craies ,2,2,1,0,0,1,,,Nan,2,0,Neu
511,RT @Hugoprsgugo: #2017LeDebat elle voulait jeter les craies ,2,2,1,0,0,1,,,Nan,2,0,Neu
512,RT @Hugoprsgugo: #2017LeDebat elle voulait jeter les craies ,2,2,1,0,0,1,,,Nan,2,0,Neu
513,RT @Hugoprsgugo: #2017LeDebat elle voulait jeter les craies ,2,2,1,0,0,1,,,Nan,2,0,Neu
514,RT @Hugoprsgugo: #2017LeDebat elle voulait jeter les craies ,2,2,1,0,0,1,,,Nan,2,0,Neu
515,RT @Hugoprsgugo: #2017LeDebat elle voulait jeter les craies ,2,2,1,0,0,1,,,Nan,2,0,Neu
516,RT @Hugoprsgugo: #2017LeDebat elle voulait jeter les craies ,2,2,1,0,0,1,,,Nan,2,0,Neu
517,RT @Hugoprsgugo: #2017LeDebat elle voulait jeter les craies ,2,2,1,0,0,1,,,Nan,2,0,Neu
518,RT @Hugoprsgugo: #2017LeDebat elle voulait jeter les craies ,2,2,1,0,0,1,,,Nan,2,0,Neu
519,RT @Hugoprsgugo: #2017LeDebat elle voulait jeter les craies ,2,2,1,0,0,1,,,Nan,2,0,Neu
520,RT @Hugoprsgugo: #2017LeDebat elle voulait jeter les craies ,2,2,1,0,0,1,,,Nan,2,0,Neu
521,RT @Hugoprsgugo: #2017LeDebat elle voulait jeter les craies ,2,2,1,0,0,1,,,Nan,2,0,Neu
522,RT @Hugoprsgugo: #2017LeDebat elle voulait jeter les craies ,2,2,1,0,0,1,,,Nan,2,0,Neu
523,RT @Hugoprsgugo: #2017LeDebat elle voulait jeter les craies ,2,2,1,0,0,1,,,Nan,2,0,Neu
524,RT @Dekrypt_Off: La meilleure image du #2017LeDebat ,1,2,1,1,0,1,,,Nan,1,1,1
525,RT @Hugoprsgugo: #2017LeDebat elle voulait jeter les craies ,2,2,1,0,0,1,,,Nan,2,0,Neu
526,"RT @MPERDEREAU: Pendant des années #LePen a travaillé sa dédiabolisation. Tt ça pr rien , hier elle était bien la candidate de l'extrême-dro… ",2,2,2,1,1,1,,,1,2,1,1
527,RT @Hugoprsgugo: #2017LeDebat elle voulait jeter les craies ,2,2,1,0,0,1,,,Nan,2,0,Neu
528,RT @Hugoprsgugo: #2017LeDebat elle voulait jeter les craies ,2,2,1,0,0,1,,,Nan,2,0,Neu
529,RT @Hugoprsgugo: #2017LeDebat elle voulait jeter les craies ,2,2,1,0,0,1,,,Nan,2,0,Neu
530,RT @Hugoprsgugo: #2017LeDebat elle voulait jeter les craies ,2,2,1,0,0,1,,,Nan,2,0,Neu
531,RT @Hugoprsgugo: #2017LeDebat elle voulait jeter les craies ,2,2,1,0,0,1,,,Nan,2,0,Neu
532,RT @Hugoprsgugo: #2017LeDebat elle voulait jeter les craies ,2,2,1,0,0,1,,,Nan,2,0,Neu
533,RT @Hugoprsgugo: #2017LeDebat elle voulait jeter les craies ,2,2,1,0,0,1,,,Nan,2,0,Neu
534,RT @Hugoprsgugo: #2017LeDebat elle voulait jeter les craies ,2,2,1,0,0,1,,,Nan,2,0,Neu
535,RT @Hugoprsgugo: #2017LeDebat elle voulait jeter les craies ,2,2,1,0,0,1,,,Nan,2,0,Neu
536,RT @Hugoprsgugo: #2017LeDebat elle voulait jeter les craies ,2,2,1,0,0,1,,,Nan,2,0,Neu
537,RT @Hugoprsgugo: #2017LeDebat elle voulait jeter les craies ,2,2,1,0,0,1,,,Nan,2,0,Neu
538,RT @Hugoprsgugo: #2017LeDebat elle voulait jeter les craies ,2,2,1,0,0,1,,,Nan,2,0,Neu
539,RT @Hugoprsgugo: #2017LeDebat elle voulait jeter les craies ,2,2,1,0,0,1,,,Nan,2,0,Neu
540,RT @Hugoprsgugo: #2017LeDebat elle voulait jeter les craies ,2,2,1,0,0,1,,,Nan,2,0,Neu
541,RT @Hugoprsgugo: #2017LeDebat elle voulait jeter les craies ,2,2,1,0,0,1,,,Nan,2,0,Neu
542,RT @Hugoprsgugo: #2017LeDebat elle voulait jeter les craies ,2,2,1,0,0,1,,,Nan,2,0,Neu
543,RT @Hugoprsgugo: #2017LeDebat elle voulait jeter les craies ,2,2,1,0,0,1,,,Nan,2,0,Neu
544,RT @Hugoprsgugo: #2017LeDebat elle voulait jeter les craies ,2,2,1,0,0,1,,,Nan,2,0,Neu
545,RT @Hugoprsgugo: #2017LeDebat elle voulait jeter les craies ,2,2,1,0,0,1,,,Nan,2,0,Neu
546,RT @Hugoprsgugo: #2017LeDebat elle voulait jeter les craies ,2,2,1,0,0,1,,,Nan,2,0,Neu
547,RT @Hugoprsgugo: #2017LeDebat elle voulait jeter les craies ,2,2,1,0,0,1,,,Nan,2,0,Neu
548,RT @Hugoprsgugo: #2017LeDebat elle voulait jeter les craies ,2,2,1,0,0,1,,,Nan,2,0,Neu
549,RT @Hugoprsgugo: #2017LeDebat elle voulait jeter les craies ,2,2,1,0,0,1,,,Nan,2,0,Neu
550,RT @Hugoprsgugo: #2017LeDebat elle voulait jeter les craies ,2,2,1,0,0,1,,,Nan,2,0,Neu
551,RT @DennisBernaud: .@FrancoisFillon aurait élevé le niveau du débat ! On aurait vraiment pu l'appeler le #GrandDebat !! #2017LeDebat ,0,2,2,0,1,1,,,0,1,1,1
552,RT @Hugoprsgugo: #2017LeDebat elle voulait jeter les craies ,2,2,1,0,0,1,,,Nan,2,0,Neu
553,RT @Hugoprsgugo: #2017LeDebat elle voulait jeter les craies ,2,2,1,0,0,1,,,Nan,2,0,Neu
554,RT @Hugoprsgugo: #2017LeDebat elle voulait jeter les craies ,2,2,1,0,0,1,,,Nan,2,0,Neu
555,RT @Hugoprsgugo: #2017LeDebat elle voulait jeter les craies ,2,2,1,0,0,1,,,Nan,2,0,Neu
556,RT @Hugoprsgugo: #2017LeDebat elle voulait jeter les craies ,2,2,1,0,0,1,,,Nan,2,0,Neu
557,RT @Hugoprsgugo: #2017LeDebat elle voulait jeter les craies ,2,2,1,0,0,1,,,Nan,2,0,Neu
558,RT @Hugoprsgugo: #2017LeDebat elle voulait jeter les craies ,2,2,1,0,0,1,,,Nan,2,0,Neu
559,RT @Hugoprsgugo: #2017LeDebat elle voulait jeter les craies ,2,2,1,0,0,1,,,Nan,2,0,Neu
560,RT @Hugoprsgugo: #2017LeDebat elle voulait jeter les craies ,2,2,1,0,0,1,,,Nan,2,0,Neu
561,RT @Dekrypt_Off: La meilleure image du #2017LeDebat ,1,2,1,1,0,1,,,Nan,1,1,1
562,RT @Hugoprsgugo: #2017LeDebat elle voulait jeter les craies ,2,2,1,0,0,1,,,Nan,2,0,Neu
563,RT @Hugoprsgugo: #2017LeDebat elle voulait jeter les craies ,2,2,1,0,0,1,,,Nan,2,0,Neu
564,RT @Hugoprsgugo: #2017LeDebat elle voulait jeter les craies ,2,2,1,0,0,1,,,Nan,2,0,Neu
565,RT @Hugoprsgugo: #2017LeDebat elle voulait jeter les craies ,2,2,1,0,0,1,,,Nan,2,0,Neu
566,RT @Hugoprsgugo: #2017LeDebat elle voulait jeter les craies ,2,2,1,0,0,1,,,Nan,2,0,Neu
567,RT @Hugoprsgugo: #2017LeDebat elle voulait jeter les craies ,2,2,1,0,0,1,,,Nan,2,0,Neu
568,RT @Hugoprsgugo: #2017LeDebat elle voulait jeter les craies ,2,2,1,0,0,1,,,Nan,2,0,Neu
569,RT @Hugoprsgugo: #2017LeDebat elle voulait jeter les craies ,2,2,1,0,0,1,,,Nan,2,0,Neu
570,RT @Hugoprsgugo: #2017LeDebat elle voulait jeter les craies ,2,2,1,0,0,1,,,Nan,2,0,Neu
571,RT @Hugoprsgugo: #2017LeDebat elle voulait jeter les craies ,2,2,1,0,0,1,,,Nan,2,0,Neu
572,"RT @MPERDEREAU: Pendant des années #LePen a travaillé sa dédiabolisation. Tt ça pr rien , hier elle était bien la candidate de l'extrême-dro… ",2,2,2,1,1,1,,,1,2,1,1
573,RT @Hugoprsgugo: #2017LeDebat elle voulait jeter les craies ,2,2,1,0,0,1,,,Nan,2,0,Neu
574,RT @Hugoprsgugo: #2017LeDebat elle voulait jeter les craies ,2,2,1,0,0,1,,,Nan,2,0,Neu
575,RT @Hugoprsgugo: #2017LeDebat elle voulait jeter les craies ,2,2,1,0,0,1,,,Nan,2,0,Neu
576,RT @Hugoprsgugo: #2017LeDebat elle voulait jeter les craies ,2,2,1,0,0,1,,,Nan,2,0,Neu
577,RT @Hugoprsgugo: #2017LeDebat elle voulait jeter les craies ,2,2,1,0,0,1,,,Nan,2,0,Neu
578,RT @Hugoprsgugo: #2017LeDebat elle voulait jeter les craies ,2,2,1,0,0,1,,,Nan,2,0,Neu
579,RT @Hugoprsgugo: #2017LeDebat elle voulait jeter les craies ,2,2,1,0,0,1,,,Nan,2,0,Neu
580,RT @Hugoprsgugo: #2017LeDebat elle voulait jeter les craies ,2,2,1,0,0,1,,,Nan,2,0,Neu
581,RT @Hugoprsgugo: #2017LeDebat elle voulait jeter les craies ,2,2,1,0,0,1,,,Nan,2,0,Neu
582,RT @Hugoprsgugo: #2017LeDebat elle voulait jeter les craies ,2,2,1,0,0,1,,,Nan,2,0,Neu
583,RT @Hugoprsgugo: #2017LeDebat elle voulait jeter les craies ,2,2,1,0,0,1,,,Nan,2,0,Neu
584,RT @Hugoprsgugo: #2017LeDebat elle voulait jeter les craies ,2,2,1,0,0,1,,,Nan,2,0,Neu
585,RT @Hugoprsgugo: #2017LeDebat elle voulait jeter les craies ,2,2,1,0,0,1,,,Nan,2,0,Neu
586,RT @Hugoprsgugo: #2017LeDebat elle voulait jeter les craies ,2,2,1,0,0,1,,,Nan,2,0,Neu
587,RT @Hugoprsgugo: #2017LeDebat elle voulait jeter les craies ,2,2,1,0,0,1,,,Nan,2,0,Neu
588,RT @Hugoprsgugo: #2017LeDebat elle voulait jeter les craies ,2,2,1,0,0,1,,,Nan,2,0,Neu
589,RT @Hugoprsgugo: #2017LeDebat elle voulait jeter les craies ,2,2,1,0,0,1,,,Nan,2,0,Neu
590,RT @Hugoprsgugo: #2017LeDebat elle voulait jeter les craies ,2,2,1,0,0,1,,,Nan,2,0,Neu
591,RT @Hugoprsgugo: #2017LeDebat elle voulait jeter les craies ,2,2,1,0,0,1,,,Nan,2,0,Neu
592,RT @Hugoprsgugo: #2017LeDebat elle voulait jeter les craies ,2,2,1,0,0,1,,,Nan,2,0,Neu
593,RT @Hugoprsgugo: #2017LeDebat elle voulait jeter les craies ,2,2,1,0,0,1,,,Nan,2,0,Neu
594,RT @DennisBernaud: .@FrancoisFillon aurait élevé le niveau du débat ! On aurait vraiment pu l'appeler le #GrandDebat !! #2017LeDebat ,0,2,2,0,1,1,,,0,1,1,1
595,RT @The_CrauthlaX: Le programme de Le Pen en exclusivité ! #2017LeDebat #GrandDebat ,2,2,2,0,0,1,,,Nan,2,0,Neu
596,RT @Hugoprsgugo: #2017LeDebat elle voulait jeter les craies ,2,2,1,0,0,1,,,Nan,2,0,Neu
597,RT @Hugoprsgugo: #2017LeDebat elle voulait jeter les craies ,2,2,1,0,0,1,,,Nan,2,0,Neu
598,RT @Hugoprsgugo: #2017LeDebat elle voulait jeter les craies ,2,2,1,0,0,1,,,Nan,2,0,Neu
599,RT @Hugoprsgugo: #2017LeDebat elle voulait jeter les craies ,2,2,1,0,0,1,,,Nan,2,0,Neu
600,RT @Hugoprsgugo: #2017LeDebat elle voulait jeter les craies ,2,2,1,0,0,1,,,Nan,2,0,Neu
601,RT @Hugoprsgugo: #2017LeDebat elle voulait jeter les craies ,2,2,1,0,0,1,,,Nan,2,0,Neu
602,RT @Hugoprsgugo: #2017LeDebat elle voulait jeter les craies ,2,2,1,0,0,1,,,Nan,2,0,Neu
603,RT @Hugoprsgugo: #2017LeDebat elle voulait jeter les craies ,2,2,1,0,0,1,,,Nan,2,0,Neu
604,RT @YanickToutain: #JeuneAfrique aidant #Hollande #Macron #Puga à RECYCLER la criminelle #MNLA alliée aux #jihadistes TAIT le massacre #Agu… ,2,2,2,0,0,1,,,0,2,0,0
605,RT @Hugoprsgugo: #2017LeDebat elle voulait jeter les craies ,2,2,1,0,0,1,,,Nan,2,0,Neu
606,RT @Hugoprsgugo: #2017LeDebat elle voulait jeter les craies ,2,2,1,0,0,1,,,Nan,2,0,Neu
607,RT @Hugoprsgugo: #2017LeDebat elle voulait jeter les craies ,2,2,1,0,0,1,,,Nan,2,0,Neu
608,"RT @marcthebault: #2017LeDebat Houhou , les abstentionnistes , vous avez percuté ou pas là ?  ",2,2,2,0,0,0,,,Nan,2,0,Neu
609,RT @Hugoprsgugo: #2017LeDebat elle voulait jeter les craies ,2,2,1,0,0,1,,,Nan,2,0,Neu
610,RT @Hugoprsgugo: #2017LeDebat elle voulait jeter les craies ,2,2,1,0,0,1,,,Nan,2,0,Neu
611,RT @Hugoprsgugo: #2017LeDebat elle voulait jeter les craies ,2,2,1,0,0,1,,,Nan,2,0,Neu
612,RT @Hugoprsgugo: #2017LeDebat elle voulait jeter les craies ,2,2,1,0,0,1,,,Nan,2,0,Neu
613,RT @Hugoprsgugo: #2017LeDebat elle voulait jeter les craies ,2,2,1,0,0,1,,,Nan,2,0,Neu
614,RT @Hugoprsgugo: #2017LeDebat elle voulait jeter les craies ,2,2,1,0,0,1,,,Nan,2,0,Neu
615,RT @Hugoprsgugo: #2017LeDebat elle voulait jeter les craies ,2,2,1,0,0,1,,,Nan,2,0,Neu
616,RT @Hugoprsgugo: #2017LeDebat elle voulait jeter les craies ,2,2,1,0,0,1,,,Nan,2,0,Neu
617,RT @Hugoprsgugo: #2017LeDebat elle voulait jeter les craies ,2,2,1,0,0,1,,,Nan,2,0,Neu
618,RT @Hugoprsgugo: #2017LeDebat elle voulait jeter les craies ,2,2,1,0,0,1,,,Nan,2,0,Neu
619,RT @Hugoprsgugo: #2017LeDebat elle voulait jeter les craies ,2,2,1,0,0,1,,,Nan,2,0,Neu
620,RT @Hugoprsgugo: #2017LeDebat elle voulait jeter les craies ,2,2,1,0,0,1,,,Nan,2,0,Neu
621,RT @Hugoprsgugo: #2017LeDebat elle voulait jeter les craies ,2,2,1,0,0,1,,,Nan,2,0,Neu
622,RT @Hugoprsgugo: #2017LeDebat elle voulait jeter les craies ,2,2,1,0,0,1,,,Nan,2,0,Neu
623,RT @Hugoprsgugo: #2017LeDebat elle voulait jeter les craies ,2,2,1,0,0,1,,,Nan,2,0,Neu
624,RT @Hugoprsgugo: #2017LeDebat elle voulait jeter les craies ,2,2,1,0,0,1,,,Nan,2,0,Neu
625,RT @Hugoprsgugo: #2017LeDebat elle voulait jeter les craies ,2,2,1,0,0,1,,,Nan,2,0,Neu
626,RT @Hugoprsgugo: #2017LeDebat elle voulait jeter les craies ,2,2,1,0,0,1,,,Nan,2,0,Neu
627,RT @Hugoprsgugo: #2017LeDebat elle voulait jeter les craies ,2,2,1,0,0,1,,,Nan,2,0,Neu
628,RT @Hugoprsgugo: #2017LeDebat elle voulait jeter les craies ,2,2,1,0,0,1,,,Nan,2,0,Neu
629,RT @Hugoprsgugo: #2017LeDebat elle voulait jeter les craies ,2,2,1,0,0,1,,,Nan,2,0,Neu
630,RT @Hugoprsgugo: #2017LeDebat elle voulait jeter les craies ,2,2,1,0,0,1,,,Nan,2,0,Neu
631,RT @Hugoprsgugo: #2017LeDebat elle voulait jeter les craies ,2,2,1,0,0,1,,,Nan,2,0,Neu
632,RT @Hugoprsgugo: #2017LeDebat elle voulait jeter les craies ,2,2,1,0,0,1,,,Nan,2,0,Neu
633,RT @Hugoprsgugo: #2017LeDebat elle voulait jeter les craies ,2,2,1,0,0,1,,,Nan,2,0,Neu
634,RT @Hugoprsgugo: #2017LeDebat elle voulait jeter les craies ,2,2,1,0,0,1,,,Nan,2,0,Neu
635,RT @Dekrypt_Off: La meilleure image du #2017LeDebat ,1,2,1,1,0,1,,,Nan,1,1,1
636,RT @Hugoprsgugo: #2017LeDebat elle voulait jeter les craies ,2,2,1,0,0,1,,,Nan,2,0,Neu
637,RT @Hugoprsgugo: #2017LeDebat elle voulait jeter les craies ,2,2,1,0,0,1,,,Nan,2,0,Neu
638,RT @Hugoprsgugo: #2017LeDebat elle voulait jeter les craies ,2,2,1,0,0,1,,,Nan,2,0,Neu
639,RT @Dekrypt_Off: La meilleure image du #2017LeDebat ,1,2,1,1,0,1,,,Nan,1,1,1
640,RT @DennisBernaud: .@FrancoisFillon aurait élevé le niveau du débat ! On aurait vraiment pu l'appeler le #GrandDebat !! #2017LeDebat ,0,2,2,0,1,1,,,0,1,1,1
641,RT @Hugoprsgugo: #2017LeDebat elle voulait jeter les craies ,2,2,1,0,0,1,,,Nan,2,0,Neu
642,RT @Hugoprsgugo: #2017LeDebat elle voulait jeter les craies ,2,2,1,0,0,1,,,Nan,2,0,Neu
643,RT @Hugoprsgugo: #2017LeDebat elle voulait jeter les craies ,2,2,1,0,0,1,,,Nan,2,0,Neu
644,RT @Hugoprsgugo: #2017LeDebat elle voulait jeter les craies ,2,2,1,0,0,1,,,Nan,2,0,Neu
645,RT @Hugoprsgugo: #2017LeDebat elle voulait jeter les craies ,2,2,1,0,0,1,,,Nan,2,0,Neu
646,RT @Hugoprsgugo: #2017LeDebat elle voulait jeter les craies ,2,2,1,0,0,1,,,Nan,2,0,Neu
647,RT @Hugoprsgugo: #2017LeDebat elle voulait jeter les craies ,2,2,1,0,0,1,,,Nan,2,0,Neu
648,RT @Hugoprsgugo: #2017LeDebat elle voulait jeter les craies ,2,2,1,0,0,1,,,Nan,2,0,Neu
649,RT @Dekrypt_Off: La meilleure image du #2017LeDebat ,1,2,1,1,0,1,,,Nan,1,1,1
650,RT @Dekrypt_Off: La meilleure image du #2017LeDebat ,1,2,1,1,0,1,,,Nan,1,1,1
651,RT @Hugoprsgugo: #2017LeDebat elle voulait jeter les craies ,2,2,1,0,0,1,,,Nan,2,0,Neu
652,RT @Hugoprsgugo: #2017LeDebat elle voulait jeter les craies ,2,2,1,0,0,1,,,Nan,2,0,Neu
653,RT @Hugoprsgugo: #2017LeDebat elle voulait jeter les craies ,2,2,1,0,0,1,,,Nan,2,0,Neu
654,RT @Hugoprsgugo: #2017LeDebat elle voulait jeter les craies ,2,2,1,0,0,1,,,Nan,2,0,Neu
655,RT @Hugoprsgugo: #2017LeDebat elle voulait jeter les craies ,2,2,1,0,0,1,,,Nan,2,0,Neu
656,RT @Hugoprsgugo: #2017LeDebat elle voulait jeter les craies ,2,2,1,0,0,1,,,Nan,2,0,Neu
657,RT @Hugoprsgugo: #2017LeDebat elle voulait jeter les craies ,2,2,1,0,0,1,,,Nan,2,0,Neu
658,RT @Hugoprsgugo: #2017LeDebat elle voulait jeter les craies ,2,2,1,0,0,1,,,Nan,2,0,Neu
659,RT @Hugoprsgugo: #2017LeDebat elle voulait jeter les craies ,2,2,1,0,0,1,,,Nan,2,0,Neu
660,RT @Hugoprsgugo: #2017LeDebat elle voulait jeter les craies ,2,2,1,0,0,1,,,Nan,2,0,Neu
661,RT @Hugoprsgugo: #2017LeDebat elle voulait jeter les craies ,2,2,1,0,0,1,,,Nan,2,0,Neu
662,RT @Hugoprsgugo: #2017LeDebat elle voulait jeter les craies ,2,2,1,0,0,1,,,Nan,2,0,Neu
663,RT @Hugoprsgugo: #2017LeDebat elle voulait jeter les craies ,2,2,1,0,0,1,,,Nan,2,0,Neu
664,RT @Hugoprsgugo: #2017LeDebat elle voulait jeter les craies ,2,2,1,0,0,1,,,Nan,2,0,Neu
665,RT @Hugoprsgugo: #2017LeDebat elle voulait jeter les craies ,2,2,1,0,0,1,,,Nan,2,0,Neu
666,RT @Hugoprsgugo: #2017LeDebat elle voulait jeter les craies ,2,2,1,0,0,1,,,Nan,2,0,Neu
667,RT @Hugoprsgugo: #2017LeDebat elle voulait jeter les craies ,2,2,1,0,0,1,,,Nan,2,0,Neu
668,RT @Hugoprsgugo: #2017LeDebat elle voulait jeter les craies ,2,2,1,0,0,1,,,Nan,2,0,Neu
669,RT @Hugoprsgugo: #2017LeDebat elle voulait jeter les craies ,2,2,1,0,0,1,,,Nan,2,0,Neu
670,RT @Hugoprsgugo: #2017LeDebat elle voulait jeter les craies ,2,2,1,0,0,1,,,Nan,2,0,Neu
671,RT @Hugoprsgugo: #2017LeDebat elle voulait jeter les craies ,2,2,1,0,0,1,,,Nan,2,0,Neu
672,RT @Hugoprsgugo: #2017LeDebat elle voulait jeter les craies ,2,2,1,0,0,1,,,Nan,2,0,Neu
673,RT @Hugoprsgugo: #2017LeDebat elle voulait jeter les craies ,2,2,1,0,0,1,,,Nan,2,0,Neu
674,RT @Hugoprsgugo: #2017LeDebat elle voulait jeter les craies ,2,2,1,0,0,1,,,Nan,2,0,Neu
675,RT @Hugoprsgugo: #2017LeDebat elle voulait jeter les craies ,2,2,1,0,0,1,,,Nan,2,0,Neu
676,RT @Hugoprsgugo: #2017LeDebat elle voulait jeter les craies ,2,2,1,0,0,1,,,Nan,2,0,Neu
677,RT @Hugoprsgugo: #2017LeDebat elle voulait jeter les craies ,2,2,1,0,0,1,,,Nan,2,0,Neu
678,RT @Hugoprsgugo: #2017LeDebat elle voulait jeter les craies ,2,2,1,0,0,1,,,Nan,2,0,Neu
679,"RT @MPERDEREAU: Pendant des années #LePen a travaillé sa dédiabolisation. Tt ça pr rien , hier elle était bien la candidate de l'extrême-dro… ",2,2,2,1,1,1,,,1,2,1,1
680,RT @Hugoprsgugo: #2017LeDebat elle voulait jeter les craies ,2,2,1,0,0,1,,,Nan,2,0,Neu
681,RT @Hugoprsgugo: #2017LeDebat elle voulait jeter les craies ,2,2,1,0,0,1,,,Nan,2,0,Neu
682,RT @Hugoprsgugo: #2017LeDebat elle voulait jeter les craies ,2,2,1,0,0,1,,,Nan,2,0,Neu
683,RT @Hugoprsgugo: #2017LeDebat elle voulait jeter les craies ,2,2,1,0,0,1,,,Nan,2,0,Neu
684,RT @Hugoprsgugo: #2017LeDebat elle voulait jeter les craies ,2,2,1,0,0,1,,,Nan,2,0,Neu
685,RT @Hugoprsgugo: #2017LeDebat elle voulait jeter les craies ,2,2,1,0,0,1,,,Nan,2,0,Neu
686,RT @Hugoprsgugo: #2017LeDebat elle voulait jeter les craies ,2,2,1,0,0,1,,,Nan,2,0,Neu
687,RT @Hugoprsgugo: #2017LeDebat elle voulait jeter les craies ,2,2,1,0,0,1,,,Nan,2,0,Neu
688,RT @Hugoprsgugo: #2017LeDebat elle voulait jeter les craies ,2,2,1,0,0,1,,,Nan,2,0,Neu
689,RT @Hugoprsgugo: #2017LeDebat elle voulait jeter les craies ,2,2,1,0,0,1,,,Nan,2,0,Neu
690,RT @Hugoprsgugo: #2017LeDebat elle voulait jeter les craies ,2,2,1,0,0,1,,,Nan,2,0,Neu
691,RT @Hugoprsgugo: #2017LeDebat elle voulait jeter les craies ,2,2,1,0,0,1,,,Nan,2,0,Neu
692,RT @Hugoprsgugo: #2017LeDebat elle voulait jeter les craies ,2,2,1,0,0,1,,,Nan,2,0,Neu
693,RT @Hugoprsgugo: #2017LeDebat elle voulait jeter les craies ,2,2,1,0,0,1,,,Nan,2,0,Neu
694,RT @Hugoprsgugo: #2017LeDebat elle voulait jeter les craies ,2,2,1,0,0,1,,,Nan,2,0,Neu
695,RT @Hugoprsgugo: #2017LeDebat elle voulait jeter les craies ,2,2,1,0,0,1,,,Nan,2,0,Neu
696,RT @Hugoprsgugo: #2017LeDebat elle voulait jeter les craies ,2,2,1,0,0,1,,,Nan,2,0,Neu
697,RT @Hugoprsgugo: #2017LeDebat elle voulait jeter les craies ,2,2,1,0,0,1,,,Nan,2,0,Neu
698,RT @Hugoprsgugo: #2017LeDebat elle voulait jeter les craies ,2,2,1,0,0,1,,,Nan,2,0,Neu
699,RT @Hugoprsgugo: #2017LeDebat elle voulait jeter les craies ,2,2,1,0,0,1,,,Nan,2,0,Neu
700,RT @Hugoprsgugo: #2017LeDebat elle voulait jeter les craies ,2,2,1,0,0,1,,,Nan,2,0,Neu
701,RT @Hugoprsgugo: #2017LeDebat elle voulait jeter les craies ,2,2,1,0,0,1,,,Nan,2,0,Neu
702,RT @Hugoprsgugo: #2017LeDebat elle voulait jeter les craies ,2,2,1,0,0,1,,,Nan,2,0,Neu
703,RT @Dekrypt_Off: La meilleure image du #2017LeDebat ,1,2,1,1,0,1,,,Nan,1,1,1
704,RT @Dekrypt_Off: La meilleure image du #2017LeDebat ,1,2,1,1,0,1,,,Nan,1,1,1
705,RT @Dekrypt_Off: La meilleure image du #2017LeDebat ,1,2,1,1,0,1,,,Nan,1,1,1
706,RT @Hugoprsgugo: #2017LeDebat elle voulait jeter les craies ,2,2,1,0,0,1,,,Nan,2,0,Neu
707,RT @Hugoprsgugo: #2017LeDebat elle voulait jeter les craies ,2,2,1,0,0,1,,,Nan,2,0,Neu
708,RT @Hugoprsgugo: #2017LeDebat elle voulait jeter les craies ,2,2,1,0,0,1,,,Nan,2,0,Neu
709,RT @YanickToutain: @kassovitz1 Appelez plutôt au #FrontHumanocrate #1pour25 en devenant #déléguésrévocables en #humanocratie #panstitution… ,2,2,0,0,1,0,,,Nan,1,0,Neu
710,RT @Hugoprsgugo: #2017LeDebat elle voulait jeter les craies ,2,2,1,0,0,1,,,Nan,2,0,Neu
711,"RT @Harouban: ""-Pk tu men
-Je men pa
-Mé si
-Mé non
-Tg jé réson
-Mé non""
............
#2017LeDebat ",2,2,2,0,0,0,,,1,2,0,Neu
712,RT @Hugoprsgugo: #2017LeDebat elle voulait jeter les craies ,2,2,1,0,0,1,,,Nan,2,0,Neu
713,RT @Hugoprsgugo: #2017LeDebat elle voulait jeter les craies ,2,2,1,0,0,1,,,Nan,2,0,Neu
714,RT @Hugoprsgugo: #2017LeDebat elle voulait jeter les craies ,2,2,1,0,0,1,,,Nan,2,0,Neu
715,RT @Hugoprsgugo: #2017LeDebat elle voulait jeter les craies ,2,2,1,0,0,1,,,Nan,2,0,Neu
716,RT @Hugoprsgugo: #2017LeDebat elle voulait jeter les craies ,2,2,1,0,0,1,,,Nan,2,0,Neu
717,RT @Hugoprsgugo: #2017LeDebat elle voulait jeter les craies ,2,2,1,0,0,1,,,Nan,2,0,Neu
718,RT @Hugoprsgugo: #2017LeDebat elle voulait jeter les craies ,2,2,1,0,0,1,,,Nan,2,0,Neu
719,RT @Dekrypt_Off: La meilleure image du #2017LeDebat ,1,2,1,1,0,1,,,Nan,1,1,1
720,RT @Hugoprsgugo: #2017LeDebat elle voulait jeter les craies ,2,2,1,0,0,1,,,Nan,2,0,Neu
721,RT @Hugoprsgugo: #2017LeDebat elle voulait jeter les craies ,2,2,1,0,0,1,,,Nan,2,0,Neu
722,RT @Hugoprsgugo: #2017LeDebat elle voulait jeter les craies ,2,2,1,0,0,1,,,Nan,2,0,Neu
723,RT @Hugoprsgugo: #2017LeDebat elle voulait jeter les craies ,2,2,1,0,0,1,,,Nan,2,0,Neu
724,RT @Hugoprsgugo: #2017LeDebat elle voulait jeter les craies ,2,2,1,0,0,1,,,Nan,2,0,Neu
725,RT @Hugoprsgugo: #2017LeDebat elle voulait jeter les craies ,2,2,1,0,0,1,,,Nan,2,0,Neu
726,RT @Hugoprsgugo: #2017LeDebat elle voulait jeter les craies ,2,2,1,0,0,1,,,Nan,2,0,Neu
727,RT @Hugoprsgugo: #2017LeDebat elle voulait jeter les craies ,2,2,1,0,0,1,,,Nan,2,0,Neu
728,RT @Hugoprsgugo: #2017LeDebat elle voulait jeter les craies ,2,2,1,0,0,1,,,Nan,2,0,Neu
729,RT @Hugoprsgugo: #2017LeDebat elle voulait jeter les craies ,2,2,1,0,0,1,,,Nan,2,0,Neu
730,RT @Hugoprsgugo: #2017LeDebat elle voulait jeter les craies ,2,2,1,0,0,1,,,Nan,2,0,Neu
731,RT @Hugoprsgugo: #2017LeDebat elle voulait jeter les craies ,2,2,1,0,0,1,,,Nan,2,0,Neu
732,RT @Hugoprsgugo: #2017LeDebat elle voulait jeter les craies ,2,2,1,0,0,1,,,Nan,2,0,Neu
733,RT @Dekrypt_Off: La meilleure image du #2017LeDebat ,1,2,1,1,0,1,,,Nan,1,1,1
734,"RT @Cyril_Sampaud: #2017LeDebat 
Débattre avec #LePen c'est comme jouer aux échecs avec un pigeon ...
#SansMoiLe7Mai  ",2,2,2,0,0,0,,,0,2,0,0
735,RT @Hugoprsgugo: #2017LeDebat elle voulait jeter les craies ,2,2,1,0,0,1,,,Nan,2,0,Neu
736,RT @Hugoprsgugo: #2017LeDebat elle voulait jeter les craies ,2,2,1,0,0,1,,,Nan,2,0,Neu
737,RT @Hugoprsgugo: #2017LeDebat elle voulait jeter les craies ,2,2,1,0,0,1,,,Nan,2,0,Neu
738,RT @Hugoprsgugo: #2017LeDebat elle voulait jeter les craies ,2,2,1,0,0,1,,,Nan,2,0,Neu
739,RT @Hugoprsgugo: #2017LeDebat elle voulait jeter les craies ,2,2,1,0,0,1,,,Nan,2,0,Neu
740,RT @Hugoprsgugo: #2017LeDebat elle voulait jeter les craies ,2,2,1,0,0,1,,,Nan,2,0,Neu
741,"RT @marcthebault: #2017LeDebat Houhou , les abstentionnistes , vous avez percuté ou pas là ?  ",2,2,2,0,0,0,,,Nan,2,0,Neu
742,RT @Hugoprsgugo: #2017LeDebat elle voulait jeter les craies ,2,2,1,0,0,1,,,Nan,2,0,Neu
743,"RT @marcthebault: #2017LeDebat Houhou , les abstentionnistes , vous avez percuté ou pas là ?  ",2,2,2,0,0,0,,,Nan,2,0,Neu
744,RT @Hugoprsgugo: #2017LeDebat elle voulait jeter les craies ,2,2,1,0,0,1,,,Nan,2,0,Neu
745,RT @Hugoprsgugo: #2017LeDebat elle voulait jeter les craies ,2,2,1,0,0,1,,,Nan,2,0,Neu
746,RT @Hugoprsgugo: #2017LeDebat elle voulait jeter les craies ,2,2,1,0,0,1,,,Nan,2,0,Neu
747,RT @Hugoprsgugo: #2017LeDebat elle voulait jeter les craies ,2,2,1,0,0,1,,,Nan,2,0,Neu
748,RT @Hugoprsgugo: #2017LeDebat elle voulait jeter les craies ,2,2,1,0,0,1,,,Nan,2,0,Neu
749,RT @Hugoprsgugo: #2017LeDebat elle voulait jeter les craies ,2,2,1,0,0,1,,,Nan,2,0,Neu
750,RT @Dekrypt_Off: La meilleure image du #2017LeDebat ,1,2,1,1,0,1,,,Nan,1,1,1
751,RT @Hugoprsgugo: #2017LeDebat elle voulait jeter les craies ,2,2,1,0,0,1,,,Nan,2,0,Neu
752,RT @Hugoprsgugo: #2017LeDebat elle voulait jeter les craies ,2,2,1,0,0,1,,,Nan,2,0,Neu
753,RT @Hugoprsgugo: #2017LeDebat elle voulait jeter les craies ,2,2,1,0,0,1,,,Nan,2,0,Neu
754,RT @Hugoprsgugo: #2017LeDebat elle voulait jeter les craies ,2,2,1,0,0,1,,,Nan,2,0,Neu
755,RT @Hugoprsgugo: #2017LeDebat elle voulait jeter les craies ,2,2,1,0,0,1,,,Nan,2,0,Neu
756,RT @DennisBernaud: .@FrancoisFillon aurait élevé le niveau du débat ! On aurait vraiment pu l'appeler le #GrandDebat !! #2017LeDebat ,0,2,2,0,1,1,,,0,1,1,1
757,RT @Hugoprsgugo: #2017LeDebat elle voulait jeter les craies ,2,2,1,0,0,1,,,Nan,2,0,Neu
758,RT @Hugoprsgugo: #2017LeDebat elle voulait jeter les craies ,2,2,1,0,0,1,,,Nan,2,0,Neu
759,RT @Hugoprsgugo: #2017LeDebat elle voulait jeter les craies ,2,2,1,0,0,1,,,Nan,2,0,Neu
760,"#2017LeDebat 
Débattre avec #LePen c'est comme jouer aux échecs avec un pigeon ...
#SansMoiLe7Mai  ",2,2,2,0,0,0,,,0,2,0,0
761,RT @Hugoprsgugo: #2017LeDebat elle voulait jeter les craies ,2,2,1,0,0,1,,,Nan,2,0,Neu
762,RT @Dinrecords: #2017LeDebat ,2,2,2,0,0,1,,,Nan,2,0,Neu
763,RT @Hugoprsgugo: #2017LeDebat elle voulait jeter les craies ,2,2,1,0,0,1,,,Nan,2,0,Neu
764,RT @Hugoprsgugo: #2017LeDebat elle voulait jeter les craies ,2,2,1,0,0,1,,,Nan,2,0,Neu
765,RT @Harouban: #2017LeDebat ,2,2,2,0,0,1,,,Nan,2,0,Neu
766,RT @Hugoprsgugo: #2017LeDebat elle voulait jeter les craies ,2,2,1,0,0,1,,,Nan,2,0,Neu
767,RT @Hugoprsgugo: #2017LeDebat elle voulait jeter les craies ,2,2,1,0,0,1,,,Nan,2,0,Neu
768,RT @Dekrypt_Off: La meilleure image du #2017LeDebat ,1,2,1,1,0,1,,,Nan,1,1,1
769,RT @Hugoprsgugo: #2017LeDebat elle voulait jeter les craies ,2,2,1,0,0,1,,,Nan,2,0,Neu
770,RT @tanaa76: #2017LeDebat Macron est un connard mdr 😂 tout le monde va regretter de l'avoir voter 😂😂 les gens réfléchissent pas et il est d… ,2,2,2,0,1,0,,,Nan,2,0,Neu
771,RT @Hugoprsgugo: #2017LeDebat elle voulait jeter les craies ,2,2,1,0,0,1,,,Nan,2,0,Neu
772,RT @Hugoprsgugo: #2017LeDebat elle voulait jeter les craies ,2,2,1,0,0,1,,,Nan,2,0,Neu
773,#2017LeDebat Macron est un connard mdr 😂 tout le monde va regretter de l'avoir voter 😂😂 les gens réfléchissent pas et il est de quel parti?😂 ,2,2,2,0,0,0,,,Nan,2,0,Neu
774,RT @Hugoprsgugo: #2017LeDebat elle voulait jeter les craies ,2,2,1,0,0,1,,,Nan,2,0,Neu
775,RT @Hugoprsgugo: #2017LeDebat elle voulait jeter les craies ,2,2,1,0,0,1,,,Nan,2,0,Neu
776,RT @Hugoprsgugo: #2017LeDebat elle voulait jeter les craies ,2,2,1,0,0,1,,,Nan,2,0,Neu
777,RT @Hugoprsgugo: #2017LeDebat elle voulait jeter les craies ,2,2,1,0,0,1,,,Nan,2,0,Neu
778,RT @Hugoprsgugo: #2017LeDebat elle voulait jeter les craies ,2,2,1,0,0,1,,,Nan,2,0,Neu
779,RT @Hugoprsgugo: #2017LeDebat elle voulait jeter les craies ,2,2,1,0,0,1,,,Nan,2,0,Neu
780,RT @Hugoprsgugo: #2017LeDebat elle voulait jeter les craies ,2,2,1,0,0,1,,,Nan,2,0,Neu
781,RT @Hugoprsgugo: #2017LeDebat elle voulait jeter les craies ,2,2,1,0,0,1,,,Nan,2,0,Neu
782,RT @Hugoprsgugo: #2017LeDebat elle voulait jeter les craies ,2,2,1,0,0,1,,,Nan,2,0,Neu
783,RT @Hugoprsgugo: #2017LeDebat elle voulait jeter les craies ,2,2,1,0,0,1,,,Nan,2,0,Neu
784,RT @Hugoprsgugo: #2017LeDebat elle voulait jeter les craies ,2,2,1,0,0,1,,,Nan,2,0,Neu
785,RT @Hugoprsgugo: #2017LeDebat elle voulait jeter les craies ,2,2,1,0,0,1,,,Nan,2,0,Neu
786,RT @Hugoprsgugo: #2017LeDebat elle voulait jeter les craies ,2,2,1,0,0,1,,,Nan,2,0,Neu
787,RT @Hugoprsgugo: #2017LeDebat elle voulait jeter les craies ,2,2,1,0,0,1,,,Nan,2,0,Neu
788,RT @Hugoprsgugo: #2017LeDebat elle voulait jeter les craies ,2,2,1,0,0,1,,,Nan,2,0,Neu
789,RT @Hugoprsgugo: #2017LeDebat elle voulait jeter les craies ,2,2,1,0,0,1,,,Nan,2,0,Neu
790,RT @Hugoprsgugo: #2017LeDebat elle voulait jeter les craies ,2,2,1,0,0,1,,,Nan,2,0,Neu
791,RT @Hugoprsgugo: #2017LeDebat elle voulait jeter les craies ,2,2,1,0,0,1,,,Nan,2,0,Neu
792,RT @Hugoprsgugo: #2017LeDebat elle voulait jeter les craies ,2,2,1,0,0,1,,,Nan,2,0,Neu
793,RT @Hugoprsgugo: #2017LeDebat elle voulait jeter les craies ,2,2,1,0,0,1,,,Nan,2,0,Neu
794,RT @Hugoprsgugo: #2017LeDebat elle voulait jeter les craies ,2,2,1,0,0,1,,,Nan,2,0,Neu
795,RT @Hugoprsgugo: #2017LeDebat elle voulait jeter les craies ,2,2,1,0,0,1,,,Nan,2,0,Neu
796,RT @Hugoprsgugo: #2017LeDebat elle voulait jeter les craies ,2,2,1,0,0,1,,,Nan,2,0,Neu
797,RT @Hugoprsgugo: #2017LeDebat elle voulait jeter les craies ,2,2,1,0,0,1,,,Nan,2,0,Neu
798,RT @Hugoprsgugo: #2017LeDebat elle voulait jeter les craies ,2,2,1,0,0,1,,,Nan,2,0,Neu
799,RT @Hugoprsgugo: #2017LeDebat elle voulait jeter les craies ,2,2,1,0,0,1,,,Nan,2,0,Neu
800,RT @Hugoprsgugo: #2017LeDebat elle voulait jeter les craies ,2,2,1,0,0,1,,,Nan,2,0,Neu
801,RT @Hugoprsgugo: #2017LeDebat elle voulait jeter les craies ,2,2,1,0,0,1,,,Nan,2,0,Neu
802,RT @Hugoprsgugo: #2017LeDebat elle voulait jeter les craies ,2,2,1,0,0,1,,,Nan,2,0,Neu
803,RT @Hugoprsgugo: #2017LeDebat elle voulait jeter les craies ,2,2,1,0,0,1,,,Nan,2,0,Neu
804,RT @Hugoprsgugo: #2017LeDebat elle voulait jeter les craies ,2,2,1,0,0,1,,,Nan,2,0,Neu
805,RT @Hugoprsgugo: #2017LeDebat elle voulait jeter les craies ,2,2,1,0,0,1,,,Nan,2,0,Neu
806,RT @Hugoprsgugo: #2017LeDebat elle voulait jeter les craies ,2,2,1,0,0,1,,,Nan,2,0,Neu
807,RT @Hugoprsgugo: #2017LeDebat elle voulait jeter les craies ,2,2,1,0,0,1,,,Nan,2,0,Neu
808,RT @WeAreMalherbe: Tandis que Nathalie Saint-Cricq est partie changer une roue. #2017LeDebat ,2,2,2,0,1,0,,,Nan,2,0,Neu
809,RT @Hugoprsgugo: #2017LeDebat elle voulait jeter les craies ,2,2,1,0,0,1,,,Nan,2,0,Neu
810,#2017ledebat : ,2,2,2,0,0,1,,,Nan,2,0,Neu
811,#2017ledebat : ,2,2,2,0,0,1,,,Nan,2,0,Neu
812,#2017ledebat : ,2,2,2,0,0,1,,,Nan,2,0,Neu
813,#2017ledebat : ,2,2,2,0,0,1,,,Nan,2,0,Neu
814,#2017ledebat : ,2,2,2,0,0,1,,,Nan,2,0,Neu
815,RT @Hugoprsgugo: #2017LeDebat elle voulait jeter les craies ,2,2,1,0,0,1,,,Nan,2,0,Neu
816,RT @Hugoprsgugo: #2017LeDebat elle voulait jeter les craies ,2,2,1,0,0,1,,,Nan,2,0,Neu
817,#2017ledebat : ,2,2,2,0,0,1,,,Nan,2,0,Neu
818,RT @Hugoprsgugo: #2017LeDebat elle voulait jeter les craies ,2,2,1,0,0,1,,,Nan,2,0,Neu
819,#2017ledebat : ,2,2,2,0,0,1,,,Nan,2,0,Neu
820,#2017ledebat  ,2,2,2,0,0,1,,,Nan,2,0,Neu
821,#2017ledebat : ,2,2,2,0,0,1,,,Nan,2,0,Neu
822,RT @Hugoprsgugo: #2017LeDebat elle voulait jeter les craies ,2,2,1,0,0,1,,,Nan,2,0,Neu
823,#2017ledebat : ,2,2,2,0,0,1,,,Nan,2,0,Neu
824,#2017ledebat : ,2,2,2,0,0,1,,,Nan,2,0,Neu
825,#2017ledebat : ,2,2,2,0,0,1,,,Nan,2,0,Neu
826,#2017ledebat : ,2,2,2,0,0,1,,,Nan,2,0,Neu
827,#2017ledebat : ,2,2,2,0,0,1,,,Nan,2,0,Neu
828,RT @Hugoprsgugo: #2017LeDebat elle voulait jeter les craies ,2,2,1,0,0,1,,,Nan,2,0,Neu
829,"On trouve que le débat était insipide , cru et d'1 certaine bassesse mais il est à l'image de la #politique.
#2017LeDebat #Presidentielle2017 ",2,2,1,0,0,0,,,0,2,0,0
830,RT @Hugoprsgugo: #2017LeDebat elle voulait jeter les craies ,2,2,1,0,0,1,,,Nan,2,0,Neu
831,RT @Hugoprsgugo: #2017LeDebat elle voulait jeter les craies ,2,2,1,0,0,1,,,Nan,2,0,Neu
832,RT @DLF_Paris16: #2017LeDebat face à l'explosion démographique et pour se maintenir au pouvoir Mr #Macron propose le nivellement..#Décultur… ,2,2,2,1,1,0,,,1,2,1,1
833,RT @Hugoprsgugo: #2017LeDebat elle voulait jeter les craies ,2,2,1,0,0,1,,,Nan,2,0,Neu
834,RT @Hugoprsgugo: #2017LeDebat elle voulait jeter les craies ,2,2,1,0,0,1,,,Nan,2,0,Neu
835,RT @DennisBernaud: .@FrancoisFillon aurait élevé le niveau du débat ! On aurait vraiment pu l'appeler le #GrandDebat !! #2017LeDebat ,0,2,2,0,1,1,,,0,1,1,1
836,RT @julie76610: #2017LeDebat !!! 😂😂😂 ,2,2,2,0,0,1,,,Nan,2,0,Neu
837,RT @Hugoprsgugo: #2017LeDebat elle voulait jeter les craies ,2,2,1,0,0,1,,,Nan,2,0,Neu
838,RT @Hugoprsgugo: #2017LeDebat elle voulait jeter les craies ,2,2,1,0,0,1,,,Nan,2,0,Neu
839,RT @Hugoprsgugo: #2017LeDebat elle voulait jeter les craies ,2,2,1,0,0,1,,,Nan,2,0,Neu
840,RT @Hugoprsgugo: #2017LeDebat elle voulait jeter les craies ,2,2,1,0,0,1,,,Nan,2,0,Neu
841,RT @Hugoprsgugo: #2017LeDebat elle voulait jeter les craies ,2,2,1,0,0,1,,,Nan,2,0,Neu
842,RT @Dinrecords: #2017LeDebat ,2,2,2,0,0,1,,,Nan,2,0,Neu
843,RT @Hugoprsgugo: #2017LeDebat elle voulait jeter les craies ,2,2,1,0,0,1,,,Nan,2,0,Neu
844,RT @Hugoprsgugo: #2017LeDebat elle voulait jeter les craies ,2,2,1,0,0,1,,,Nan,2,0,Neu
845,RT @Hugoprsgugo: #2017LeDebat elle voulait jeter les craies ,2,2,1,0,0,1,,,Nan,2,0,Neu
846,RT @Hugoprsgugo: #2017LeDebat elle voulait jeter les craies ,2,2,1,0,0,1,,,Nan,2,0,Neu
847,RT @Hugoprsgugo: #2017LeDebat elle voulait jeter les craies ,2,2,1,0,0,1,,,Nan,2,0,Neu
848,RT @DennisBernaud: .@FrancoisFillon aurait élevé le niveau du débat ! On aurait vraiment pu l'appeler le #GrandDebat !! #2017LeDebat ,0,2,2,0,1,1,,,0,1,1,1
849,RT @Hugoprsgugo: #2017LeDebat elle voulait jeter les craies ,2,2,1,0,0,1,,,Nan,2,0,Neu
850,RT @Hugoprsgugo: #2017LeDebat elle voulait jeter les craies ,2,2,1,0,0,1,,,Nan,2,0,Neu
851,RT @Hugoprsgugo: #2017LeDebat elle voulait jeter les craies ,2,2,1,0,0,1,,,Nan,2,0,Neu
852,RT @Hugoprsgugo: #2017LeDebat elle voulait jeter les craies ,2,2,1,0,0,1,,,Nan,2,0,Neu
853,RT @Hugoprsgugo: #2017LeDebat elle voulait jeter les craies ,2,2,1,0,0,1,,,Nan,2,0,Neu
854,RT @Hugoprsgugo: #2017LeDebat elle voulait jeter les craies ,2,2,1,0,0,1,,,Nan,2,0,Neu
855,RT @Hugoprsgugo: #2017LeDebat elle voulait jeter les craies ,2,2,1,0,0,1,,,Nan,2,0,Neu
856,RT @Hugoprsgugo: #2017LeDebat elle voulait jeter les craies ,2,2,1,0,0,1,,,Nan,2,0,Neu
857,RT @Hugoprsgugo: #2017LeDebat elle voulait jeter les craies ,2,2,1,0,0,1,,,Nan,2,0,Neu
858,RT @Hugoprsgugo: #2017LeDebat elle voulait jeter les craies ,2,2,1,0,0,1,,,Nan,2,0,Neu
859,RT @Hugoprsgugo: #2017LeDebat elle voulait jeter les craies ,2,2,1,0,0,1,,,Nan,2,0,Neu
860,RT @Hugoprsgugo: #2017LeDebat elle voulait jeter les craies ,2,2,1,0,0,1,,,Nan,2,0,Neu
861,RT @Hugoprsgugo: #2017LeDebat elle voulait jeter les craies ,2,2,1,0,0,1,,,Nan,2,0,Neu
862,RT @Hugoprsgugo: #2017LeDebat elle voulait jeter les craies ,2,2,1,0,0,1,,,Nan,2,0,Neu
863,RT @Dinrecords: #2017LeDebat ,2,2,2,0,0,1,,,Nan,2,0,Neu
864,RT @Hugoprsgugo: #2017LeDebat elle voulait jeter les craies ,2,2,1,0,0,1,,,Nan,2,0,Neu
865,RT @Hugoprsgugo: #2017LeDebat elle voulait jeter les craies ,2,2,1,0,0,1,,,Nan,2,0,Neu
866,RT @Hugoprsgugo: #2017LeDebat elle voulait jeter les craies ,2,2,1,0,0,1,,,Nan,2,0,Neu
867,RT @Hugoprsgugo: #2017LeDebat elle voulait jeter les craies ,2,2,1,0,0,1,,,Nan,2,0,Neu
868,RT @Dinrecords: #2017LeDebat ,2,2,2,0,0,1,,,Nan,2,0,Neu
869,RT @Hugoprsgugo: #2017LeDebat elle voulait jeter les craies ,2,2,1,0,0,1,,,Nan,2,0,Neu
870,RT @Hugoprsgugo: #2017LeDebat elle voulait jeter les craies ,2,2,1,0,0,1,,,Nan,2,0,Neu
871,RT @Hugoprsgugo: #2017LeDebat elle voulait jeter les craies ,2,2,1,0,0,1,,,Nan,2,0,Neu
872,RT @Hugoprsgugo: #2017LeDebat elle voulait jeter les craies ,2,2,1,0,0,1,,,Nan,2,0,Neu
873,RT @Hugoprsgugo: #2017LeDebat elle voulait jeter les craies ,2,2,1,0,0,1,,,Nan,2,0,Neu
874,RT @Hugoprsgugo: #2017LeDebat elle voulait jeter les craies ,2,2,1,0,0,1,,,Nan,2,0,Neu
875,RT @Hugoprsgugo: #2017LeDebat elle voulait jeter les craies ,2,2,1,0,0,1,,,Nan,2,0,Neu
876,"#2017LeDébat Mise en scène par les médias d'un pugilat ,n'expliquant pas les enjeux ,méprisant pour les électeurs pris en otages! décevant 😒👎 ",2,2,0,0,1,0,,,0,1,0,0
877,RT @Hugoprsgugo: #2017LeDebat elle voulait jeter les craies ,2,2,1,0,0,1,,,Nan,2,0,Neu
878,RT @Hugoprsgugo: #2017LeDebat elle voulait jeter les craies ,2,2,1,0,0,1,,,Nan,2,0,Neu
879,RT @Hugoprsgugo: #2017LeDebat elle voulait jeter les craies ,2,2,1,0,0,1,,,Nan,2,0,Neu
880,RT @Dinrecords: #2017LeDebat ,2,2,2,0,0,1,,,Nan,2,0,Neu
881,RT @Hugoprsgugo: #2017LeDebat elle voulait jeter les craies ,2,2,1,0,0,1,,,Nan,2,0,Neu
882,RT @Hugoprsgugo: #2017LeDebat elle voulait jeter les craies ,2,2,1,0,0,1,,,Nan,2,0,Neu
883,RT @Hugoprsgugo: #2017LeDebat elle voulait jeter les craies ,2,2,1,0,0,1,,,Nan,2,0,Neu
884,RT @Hugoprsgugo: #2017LeDebat elle voulait jeter les craies ,2,2,1,0,0,1,,,Nan,2,0,Neu
885,Vraiment cinglée cette meuf #2017LeDebat ,2,2,0,0,0,0,,,Nan,1,0,Neu
886,RT @Hugoprsgugo: #2017LeDebat elle voulait jeter les craies ,2,2,1,0,0,1,,,Nan,2,0,Neu
887,RT @Hugoprsgugo: #2017LeDebat elle voulait jeter les craies ,2,2,1,0,0,1,,,Nan,2,0,Neu
888,RT @Hugoprsgugo: #2017LeDebat elle voulait jeter les craies ,2,2,1,0,0,1,,,Nan,2,0,Neu
889,RT @Hugoprsgugo: #2017LeDebat elle voulait jeter les craies ,2,2,1,0,0,1,,,Nan,2,0,Neu
890,RT @Hugoprsgugo: #2017LeDebat elle voulait jeter les craies ,2,2,1,0,0,1,,,Nan,2,0,Neu
891,"RT @Harouban: ""-Pk tu men
-Je men pa
-Mé si
-Mé non
-Tg jé réson
-Mé non""
............
#2017LeDebat ",2,2,2,0,0,0,,,1,2,0,Neu
892,RT @Hugoprsgugo: #2017LeDebat elle voulait jeter les craies ,2,2,1,0,0,1,,,Nan,2,0,Neu
893,RT @Hugoprsgugo: #2017LeDebat elle voulait jeter les craies ,2,2,1,0,0,1,,,Nan,2,0,Neu
894,"RT @Harouban: ""-Pk tu men
-Je men pa
-Mé si
-Mé non
-Tg jé réson
-Mé non""
............
#2017LeDebat ",2,2,2,0,0,0,,,1,2,0,Neu
895,RT @Hugoprsgugo: #2017LeDebat elle voulait jeter les craies ,2,2,1,0,0,1,,,Nan,2,0,Neu
896,RT @Hugoprsgugo: #2017LeDebat elle voulait jeter les craies ,2,2,1,0,0,1,,,Nan,2,0,Neu
897,RT @Hugoprsgugo: #2017LeDebat elle voulait jeter les craies ,2,2,1,0,0,1,,,Nan,2,0,Neu
898,"RT @Harouban: ""-Pk tu men
-Je men pa
-Mé si
-Mé non
-Tg jé réson
-Mé non""
............
#2017LeDebat ",2,2,2,0,0,0,,,1,2,0,Neu
899,RT @Dinrecords: #2017LeDebat ,2,2,2,0,0,1,,,Nan,2,0,Neu
900,RT @Hugoprsgugo: #2017LeDebat elle voulait jeter les craies ,2,2,1,0,0,1,,,Nan,2,0,Neu
901,RT @Hugoprsgugo: #2017LeDebat elle voulait jeter les craies ,2,2,1,0,0,1,,,Nan,2,0,Neu
902,RT @Hugoprsgugo: #2017LeDebat elle voulait jeter les craies ,2,2,1,0,0,1,,,Nan,2,0,Neu
903,RT @Dekrypt_Off: La meilleure image du #2017LeDebat ,1,2,1,1,0,1,,,Nan,1,1,1
904,RT @Hugoprsgugo: #2017LeDebat elle voulait jeter les craies ,2,2,1,0,0,1,,,Nan,2,0,Neu
905,RT @Hugoprsgugo: #2017LeDebat elle voulait jeter les craies ,2,2,1,0,0,1,,,Nan,2,0,Neu
906,RT @Hugoprsgugo: #2017LeDebat elle voulait jeter les craies ,2,2,1,0,0,1,,,Nan,2,0,Neu
907,RT @Hugoprsgugo: #2017LeDebat elle voulait jeter les craies ,2,2,1,0,0,1,,,Nan,2,0,Neu
908,RT @lealemarie: #2017LeDébat #Presidentielle2017 #Debat2017 #ElyséeLive ,2,2,2,0,0,1,,,Nan,2,0,Neu
909,RT @Harouban: #2017LeDebat ,2,2,2,0,0,1,,,Nan,2,0,Neu
910,RT @Hugoprsgugo: #2017LeDebat elle voulait jeter les craies ,2,2,1,0,0,1,,,Nan,2,0,Neu
911,RT @Hugoprsgugo: #2017LeDebat elle voulait jeter les craies ,2,2,1,0,0,1,,,Nan,2,0,Neu
912,RT @chililou14000: #2017LeDebat voilà encore une preuve de son mensonges ,2,2,2,1,1,1,,,0,2,1,Neu
913,RT @Hugoprsgugo: #2017LeDebat elle voulait jeter les craies ,2,2,1,0,0,1,,,Nan,2,0,Neu
914,RT @Hugoprsgugo: #2017LeDebat elle voulait jeter les craies ,2,2,1,0,0,1,,,Nan,2,0,Neu
915,RT @Harouban: #2017LeDebat ,2,2,2,0,0,1,,,Nan,2,0,Neu
916,RT @Hugoprsgugo: #2017LeDebat elle voulait jeter les craies ,2,2,1,0,0,1,,,Nan,2,0,Neu
917,RT @Hugoprsgugo: #2017LeDebat elle voulait jeter les craies ,2,2,1,0,0,1,,,Nan,2,0,Neu
918,RT @Hugoprsgugo: #2017LeDebat elle voulait jeter les craies ,2,2,1,0,0,1,,,Nan,2,0,Neu
919,RT @Hugoprsgugo: #2017LeDebat elle voulait jeter les craies ,2,2,1,0,0,1,,,Nan,2,0,Neu
920,RT @Hugoprsgugo: #2017LeDebat elle voulait jeter les craies ,2,2,1,0,0,1,,,Nan,2,0,Neu
921,RT @chililou14000: #2017LeDebat voilà encore une preuve de son mensonges ,2,2,2,1,1,1,,,0,2,1,Neu
922,RT @Hugoprsgugo: #2017LeDebat elle voulait jeter les craies ,2,2,1,0,0,1,,,Nan,2,0,Neu
923,RT @Hugoprsgugo: #2017LeDebat elle voulait jeter les craies ,2,2,1,0,0,1,,,Nan,2,0,Neu
924,RT @Hugoprsgugo: #2017LeDebat elle voulait jeter les craies ,2,2,1,0,0,1,,,Nan,2,0,Neu
925,RT @Hugoprsgugo: #2017LeDebat elle voulait jeter les craies ,2,2,1,0,0,1,,,Nan,2,0,Neu
926,RT @Hugoprsgugo: #2017LeDebat elle voulait jeter les craies ,2,2,1,0,0,1,,,Nan,2,0,Neu
927,RT @Hugoprsgugo: #2017LeDebat elle voulait jeter les craies ,2,2,1,0,0,1,,,Nan,2,0,Neu
928,RT @Hugoprsgugo: #2017LeDebat elle voulait jeter les craies ,2,2,1,0,0,1,,,Nan,2,0,Neu
929,RT @Hugoprsgugo: #2017LeDebat elle voulait jeter les craies ,2,2,1,0,0,1,,,Nan,2,0,Neu
930,RT @Hugoprsgugo: #2017LeDebat elle voulait jeter les craies ,2,2,1,0,0,1,,,Nan,2,0,Neu
931,RT @Hugoprsgugo: #2017LeDebat elle voulait jeter les craies ,2,2,1,0,0,1,,,Nan,2,0,Neu
932,RT @Hugoprsgugo: #2017LeDebat elle voulait jeter les craies ,2,2,1,0,0,1,,,Nan,2,0,Neu
933,RT @Hugoprsgugo: #2017LeDebat elle voulait jeter les craies ,2,2,1,0,0,1,,,Nan,2,0,Neu
934,RT @Hugoprsgugo: #2017LeDebat elle voulait jeter les craies ,2,2,1,0,0,1,,,Nan,2,0,Neu
935,RT @Hugoprsgugo: #2017LeDebat elle voulait jeter les craies ,2,2,1,0,0,1,,,Nan,2,0,Neu
936,RT @chililou14000: #2017LeDebat voilà encore une preuve de son mensonges ,2,2,2,1,1,1,,,0,2,1,Neu
937,RT @Hugoprsgugo: #2017LeDebat elle voulait jeter les craies ,2,2,1,0,0,1,,,Nan,2,0,Neu
938,"RT @Harouban: ""-Pk tu men
-Je men pa
-Mé si
-Mé non
-Tg jé réson
-Mé non""
............
#2017LeDebat ",2,2,2,0,0,0,,,1,2,0,Neu
939,#2017LeDebat voilà encore une preuve de son mensonges ,2,2,2,1,1,1,,,0,2,1,Neu
940,RT @Dinrecords: #2017LeDebat ,2,2,2,0,0,1,,,Nan,2,0,Neu
941,RT @Hugoprsgugo: #2017LeDebat elle voulait jeter les craies ,2,2,1,0,0,1,,,Nan,2,0,Neu
942,RT @Hugoprsgugo: #2017LeDebat elle voulait jeter les craies ,2,2,1,0,0,1,,,Nan,2,0,Neu
943,RT @Dekrypt_Off: La meilleure image du #2017LeDebat ,1,2,1,1,0,1,,,Nan,1,1,1
944,RT @Hugoprsgugo: #2017LeDebat elle voulait jeter les craies ,2,2,1,0,0,1,,,Nan,2,0,Neu
945,RT @Hugoprsgugo: #2017LeDebat elle voulait jeter les craies ,2,2,1,0,0,1,,,Nan,2,0,Neu
946,RT @Hugoprsgugo: #2017LeDebat elle voulait jeter les craies ,2,2,1,0,0,1,,,Nan,2,0,Neu
947,RT @Hugoprsgugo: #2017LeDebat elle voulait jeter les craies ,2,2,1,0,0,1,,,Nan,2,0,Neu
948,RT @Hugoprsgugo: #2017LeDebat elle voulait jeter les craies ,2,2,1,0,0,1,,,Nan,2,0,Neu
949,RT @Hugoprsgugo: #2017LeDebat elle voulait jeter les craies ,2,2,1,0,0,1,,,Nan,2,0,Neu
950,RT @Hugoprsgugo: #2017LeDebat elle voulait jeter les craies ,2,2,1,0,0,1,,,Nan,2,0,Neu
951,RT @Hugoprsgugo: #2017LeDebat elle voulait jeter les craies ,2,2,1,0,0,1,,,Nan,2,0,Neu
952,RT @Hugoprsgugo: #2017LeDebat elle voulait jeter les craies ,2,2,1,0,0,1,,,Nan,2,0,Neu
953,RT @Hugoprsgugo: #2017LeDebat elle voulait jeter les craies ,2,2,1,0,0,1,,,Nan,2,0,Neu
954,RT @Hugoprsgugo: #2017LeDebat elle voulait jeter les craies ,2,2,1,0,0,1,,,Nan,2,0,Neu
955,RT @Hugoprsgugo: #2017LeDebat elle voulait jeter les craies ,2,2,1,0,0,1,,,Nan,2,0,Neu
956,RT @Hugoprsgugo: #2017LeDebat elle voulait jeter les craies ,2,2,1,0,0,1,,,Nan,2,0,Neu
957,RT @Hugoprsgugo: #2017LeDebat elle voulait jeter les craies ,2,2,1,0,0,1,,,Nan,2,0,Neu
958,RT @Hugoprsgugo: #2017LeDebat elle voulait jeter les craies ,2,2,1,0,0,1,,,Nan,2,0,Neu
959,RT @Hugoprsgugo: #2017LeDebat elle voulait jeter les craies ,2,2,1,0,0,1,,,Nan,2,0,Neu
960,"RT @Harouban: ""-Pk tu men
-Je men pa
-Mé si
-Mé non
-Tg jé réson
-Mé non""
............
#2017LeDebat ",2,2,2,0,0,0,,,1,2,0,Neu
961,RT @Hugoprsgugo: #2017LeDebat elle voulait jeter les craies ,2,2,1,0,0,1,,,Nan,2,0,Neu
962,RT @Hugoprsgugo: #2017LeDebat elle voulait jeter les craies ,2,2,1,0,0,1,,,Nan,2,0,Neu
963,RT @Hugoprsgugo: #2017LeDebat elle voulait jeter les craies ,2,2,1,0,0,1,,,Nan,2,0,Neu
964,RT @Hugoprsgugo: #2017LeDebat elle voulait jeter les craies ,2,2,1,0,0,1,,,Nan,2,0,Neu
965,RT @Hugoprsgugo: #2017LeDebat elle voulait jeter les craies ,2,2,1,0,0,1,,,Nan,2,0,Neu
966,RT @Hugoprsgugo: #2017LeDebat elle voulait jeter les craies ,2,2,1,0,0,1,,,Nan,2,0,Neu
967,RT @Hugoprsgugo: #2017LeDebat elle voulait jeter les craies ,2,2,1,0,0,1,,,Nan,2,0,Neu
968,"RT @mathis_ab: Le Pen qui attaque Macron sur sa femme en parlant de ""jouer au professeur et à l'élève"" c'est tellement minable 
#2017LeDebat ",2,2,0,0,0,0,,,0,1,0,0
969,RT @DLF_Paris16: #2017LeDebat face à l'explosion démographique et pour se maintenir au pouvoir Mr #Macron propose le nivellement..#Décultur… ,2,2,2,1,1,0,,,1,2,1,1
970,RT @Hugoprsgugo: #2017LeDebat elle voulait jeter les craies ,2,2,1,0,0,1,,,Nan,2,0,Neu
971,RT @Hugoprsgugo: #2017LeDebat elle voulait jeter les craies ,2,2,1,0,0,1,,,Nan,2,0,Neu
972,RT @Hugoprsgugo: #2017LeDebat elle voulait jeter les craies ,2,2,1,0,0,1,,,Nan,2,0,Neu
973,RT @Hugoprsgugo: #2017LeDebat elle voulait jeter les craies ,2,2,1,0,0,1,,,Nan,2,0,Neu
974,RT @Hugoprsgugo: #2017LeDebat elle voulait jeter les craies ,2,2,1,0,0,1,,,Nan,2,0,Neu
975,"RT @MPERDEREAU: Pendant des années #LePen a travaillé sa dédiabolisation. Tt ça pr rien , hier elle était bien la candidate de l'extrême-dro… ",2,2,2,1,1,1,,,1,2,1,1
976,RT @Hugoprsgugo: #2017LeDebat elle voulait jeter les craies ,2,2,1,0,0,1,,,Nan,2,0,Neu
977,RT @Hugoprsgugo: #2017LeDebat elle voulait jeter les craies ,2,2,1,0,0,1,,,Nan,2,0,Neu
978,RT @Hugoprsgugo: #2017LeDebat elle voulait jeter les craies ,2,2,1,0,0,1,,,Nan,2,0,Neu
979,#2017LeDebat face à l'explosion démographique et pour se maintenir au pouvoir Mr #Macron propose le nivellement..#Déculturation ,2,2,2,1,1,0,,,1,2,1,1
980,RT @Hugoprsgugo: #2017LeDebat elle voulait jeter les craies ,2,2,1,0,0,1,,,Nan,2,0,Neu
981,"RT @Harouban: ""-Pk tu men
-Je men pa
-Mé si
-Mé non
-Tg jé réson
-Mé non""
............
#2017LeDebat ",2,2,2,0,0,0,,,1,2,0,Neu
982,RT @Hugoprsgugo: #2017LeDebat elle voulait jeter les craies ,2,2,1,0,0,1,,,Nan,2,0,Neu
983,RT @Hugoprsgugo: #2017LeDebat elle voulait jeter les craies ,2,2,1,0,0,1,,,Nan,2,0,Neu
984,RT @Hugoprsgugo: #2017LeDebat elle voulait jeter les craies ,2,2,1,0,0,1,,,Nan,2,0,Neu
985,RT @Hugoprsgugo: #2017LeDebat elle voulait jeter les craies ,2,2,1,0,0,1,,,Nan,2,0,Neu
986,RT @Hugoprsgugo: #2017LeDebat elle voulait jeter les craies ,2,2,1,0,0,1,,,Nan,2,0,Neu
987,RT @Hugoprsgugo: #2017LeDebat elle voulait jeter les craies ,2,2,1,0,0,1,,,Nan,2,0,Neu
988,Je ne sais pas qui a fait ça mais c'est excellent 😂 #2017LeDebat ,2,2,2,0,0,0,,,1,2,0,Neu
989,RT @Hugoprsgugo: #2017LeDebat elle voulait jeter les craies ,2,2,1,0,0,1,,,Nan,2,0,Neu
990,RT @Hugoprsgugo: #2017LeDebat elle voulait jeter les craies ,2,2,1,0,0,1,,,Nan,2,0,Neu
991,RT @Hugoprsgugo: #2017LeDebat elle voulait jeter les craies ,2,2,1,0,0,1,,,Nan,2,0,Neu
992,RT @Hugoprsgugo: #2017LeDebat elle voulait jeter les craies ,2,2,1,0,0,1,,,Nan,2,0,Neu
993,RT @Hugoprsgugo: #2017LeDebat elle voulait jeter les craies ,2,2,1,0,0,1,,,Nan,2,0,Neu
994,RT @Hugoprsgugo: #2017LeDebat elle voulait jeter les craies ,2,2,1,0,0,1,,,Nan,2,0,Neu
995,RT @Hugoprsgugo: #2017LeDebat elle voulait jeter les craies ,2,2,1,0,0,1,,,Nan,2,0,Neu
996,RT @Hugoprsgugo: #2017LeDebat elle voulait jeter les craies ,2,2,1,0,0,1,,,Nan,2,0,Neu
997,RT @Hugoprsgugo: #2017LeDebat elle voulait jeter les craies ,2,2,1,0,0,1,,,Nan,2,0,Neu
998,RT @Hugoprsgugo: #2017LeDebat elle voulait jeter les craies ,2,2,1,0,0,1,,,Nan,2,0,Neu
